"Code","Name","Latitude","Longitude","YEAR","Depth","Reef.Type","tCORALavg","tCORALstd","tFMAavg","tFMAstd","tLUTJavg","tLUTJstd","tSERRavg","tSERRstd","tCARAavg","tCARAstd","tSPHYavg","tSPHYstd","tHAEMavg","tHAEMstd","tCommBiomass","tACANavg","tACANstd","tSCARavg","tSCARstd","tHerbiBiomass"
"1032","Round Caye",16.4185,-88.0413,"2018",6,NA,10.33,7.89,37.25,10.04,NA,NA,NA,NA,NA,NA,NA,NA,NA,NA,NA,NA,NA,NA,NA,NA
"1032","Round Caye",16.4185,-88.0413,"2018",6.1,NA,NA,NA,NA,NA,0,0,0,0,0,0,0,0,0,0,0,196,258,1874,1567,2070
"1037","Carrie Caye",16.51746,-88.19352,"2018",6.2,NA,NA,NA,NA,NA,387,452,11,36,92,151,0,0,551,708,1041,175,433,1215,1640,1390
"1037","Carrie Caye",16.51746,-88.19352,"2018",8.8,NA,3.83,4.83,23.17,4.4,NA,NA,NA,NA,NA,NA,NA,NA,NA,NA,NA,NA,NA,NA,NA,NA
"1038","Big White-Gladden Channel",16.5079,-87.9707,"2018",7.1,NA,NA,NA,NA,NA,646,1633,1,4,380,1138,0,0,94,188,1121,85,130,499,777,584
"1038","Big White-Gladden Channel",16.5079,-87.9707,"2018",7.4,NA,19.33,19.87,40.83,15.9,NA,NA,NA,NA,NA,NA,NA,NA,NA,NA,NA,NA,NA,NA,NA,NA
"1044","South of Carrie Bow Caye",16.64572,-88.0662,"2018",4.6,NA,NA,NA,NA,NA,2646,2518,0,0,43,99,649,1751,1718,1680,5056,1004,1155,1584,1214,2588
"1044","South of Carrie Bow Caye",16.64572,-88.0662,"2018",5.9,NA,8.5,5.32,15.33,2.66,NA,NA,NA,NA,NA,NA,NA,NA,NA,NA,NA,NA,NA,NA,NA,NA
"1045","Glover's Southwest",16.72,-87.8387,"2018",8.8,NA,28.5,10.33,23.5,11.67,NA,NA,NA,NA,NA,NA,NA,NA,NA,NA,NA,NA,NA,NA,NA,NA
"1045","Glover's Southwest",16.72,-87.8387,"2018",10.3,NA,NA,NA,NA,NA,317,648,0,0,634,2005,0,0,65,96,1016,120,121,849,1134,969
"1052","Glover's NW",16.8856,-87.8102,"2018",4.9,NA,25.17,7.28,16.17,14.36,187,375,197,355,0,0,410,1297,31,52,825,70,93,1100,699,1170
"1057","West of Hat Caye",17.1692,-87.6317,"2018",7.2,NA,NA,NA,NA,NA,998,1263,62,167,681,1673,371,1172,378,347,2490,367,470,1216,1384,1583
"1057","West of Hat Caye",17.1692,-87.6317,"2018",7.6,NA,13.17,5.49,7.33,8,NA,NA,NA,NA,NA,NA,NA,NA,NA,NA,NA,NA,NA,NA,NA,NA
"1062_BR","1062_BR",17.25613,-87.95623,"2018",7.6,NA,NA,NA,NA,NA,364,397,127,185,17,45,0,0,589,1007,1097,514,361,1788,914,2302
"1062_DFR","1062_DFR",17.25871,-87.95925,"2018",10.7,NA,NA,NA,NA,NA,78,162,232,453,0,0,0,0,263,315,573,500,462,1187,975,1687
"1062_SFR","1062_SFR",17.2603,-87.96102,"2018",7.6,NA,NA,NA,NA,NA,0,0,23,42,16,45,0,0,394,423,433,710,374,1695,1882,2405
"1062SFR","1062SFR",17.2587,-87.9593,"2023",NA,"Atoll",6.833333,4.597705,0,0,0,0,10.498217691154,27.775673220212,60.948570982427,43.0971478453038,0,0,25.512934094319,40.70292104156,96.9597227679,110.09669131869,80.306859304412,460.45197971602,506.71063145405,570.54867103471
"1064","Paranga Grounding Site",17.31848,-88.0425,"2018",4.2,NA,NA,NA,NA,NA,26,59,0,0,110,243,0,0,220,234,356,471,341,4571,4022,5042
"1064","Paranga Grounding Site",17.31848,-88.0425,"2018",4.6,NA,6.17,4.07,16.25,6.29,NA,NA,NA,NA,NA,NA,NA,NA,NA,NA,NA,NA,NA,NA,NA,NA
"1068","Sandbore SPAG site",17.4303,-87.45177,"2018",6.1,NA,NA,NA,NA,NA,366,702,51,122,67,115,0,0,130,210,614,478,317,1667,1692,2145
"1068","Sandbore SPAG site",17.4303,-87.45177,"2018",6.7,NA,23,15.5,16.08,13.48,NA,NA,NA,NA,NA,NA,NA,NA,NA,NA,NA,NA,NA,NA,NA,NA
"1071_DFR","1071_DFR",17.47784,-87.78187,"2018",10.7,NA,NA,NA,NA,NA,398,578,24,44,0,0,0,0,163,147,585,800,1042,2284,2194,3084
"1071_SFR","1071_SFR",17.47736,-87.78485,"2018",7.6,NA,NA,NA,NA,NA,394,649,122,305,114,320,0,0,264,278,894,658,667,837,833,1495
"1076B","Mackerel Hole",17.7704,-87.9914,"2023",NA,"Barrier",4.083333,1.592081,18.5,6.745369,418.67699414603,716.78620928144,88.464374334896,154.62691961541,384.00361763293,271.531562028411,0,0,908.56512717459,896.95718698164,1799.71011328845,623.7736259496,459.95369419789,3501.1493016989,4300.5513755193,4124.9229276485
"1076B","Mackerel Hole",17.77042,-87.99141,"2018",7,NA,NA,NA,NA,NA,563,421,124,329,25,54,41,129,28,33,781,865,535,1789,791,2654
"1076B","Mackerel Hole",17.77042,-87.99141,"2018",7.5,NA,11.17,12.25,26.83,17.3,NA,NA,NA,NA,NA,NA,NA,NA,NA,NA,NA,NA,NA,NA,NA,NA
"1077","Coral Gardens",17.81931,-87.98686,"2018",9.5,NA,7,6.69,23.83,8.01,NA,NA,NA,NA,NA,NA,NA,NA,NA,NA,NA,NA,NA,NA,NA,NA
"1077","Coral Gardens",17.81931,-87.98686,"2018",9.7,NA,NA,NA,NA,NA,508,284,271,477,54,96,41,129,214,235,1088,487,390,617,545,1104
"1079","Tres Cocos",17.93406,-87.93876,"2018",5.3,NA,NA,NA,NA,NA,325,292,0,0,133,208,90,179,34,65,582,270,131,96,289,366
"1079","Tres Cocos",17.93406,-87.93876,"2018",8.3,NA,16,13.78,26.17,17.1,NA,NA,NA,NA,NA,NA,NA,NA,NA,NA,NA,NA,NA,NA,NA,NA
"1080","Basil Jones",18.1125,-87.84692,"2018",8.9,NA,20.67,13.47,27.58,17.98,NA,NA,NA,NA,NA,NA,NA,NA,NA,NA,NA,NA,NA,NA,NA,NA
"1080","Basil Jones",18.1125,-87.84692,"2018",9.6,NA,NA,NA,NA,NA,443,394,163,323,111,185,117,370,172,141,1006,447,542,376,326,823
"1081","North of Alleys",18.17546,-87.828,"2018",5.8,NA,NA,NA,NA,NA,399,701,20,35,55,99,41,129,12,21,527,248,160,185,202,433
"1081","North of Alleys",18.17546,-87.828,"2018",6,NA,8.83,7.73,39.58,6.09,NA,NA,NA,NA,NA,NA,NA,NA,NA,NA,NA,NA,NA,NA,NA,NA
"1106","Southwest Glovers patch",16.74339,-87.85077,"2018",1,NA,27.83,12.35,13.83,13.35,NA,NA,NA,NA,NA,NA,NA,NA,NA,NA,NA,NA,NA,NA,NA,NA
"1106","Southwest Glovers patch",16.74339,-87.85077,"2018",1.2,NA,NA,NA,NA,NA,58,152,0,0,0,0,117,370,94,187,269,115,130,403,746,518
"1114","WEst HalfmoonCaye park edge",17.2591,-87.5558,"2018",1.1,NA,23.67,19.27,22.67,5.65,NA,NA,NA,NA,NA,NA,NA,NA,NA,NA,NA,NA,NA,NA,NA,NA
"1114","WEst HalfmoonCaye park edge",17.2591,-87.5558,"2018",1.9,NA,NA,NA,NA,NA,333,483,23,72,0,0,0,0,505,773,861,910,814,2357,2257,3267
"1128","East of Water Caye",17.38828,-88.0456,"2018",2.1,NA,NA,NA,NA,NA,727,761,0,0,56,177,15,46,495,434,1293,165,223,1639,2768,1804
"1128","East of Water Caye",17.38828,-88.0456,"2018",2.6,NA,9.5,9.48,14,9.63,NA,NA,NA,NA,NA,NA,NA,NA,NA,NA,NA,NA,NA,NA,NA,NA
"1177","Bugle's Caye",16.4903,-88.3236,"2018",1.6,NA,18.67,15.77,19.5,13.94,NA,NA,NA,NA,NA,NA,NA,NA,NA,NA,NA,NA,NA,NA,NA,NA
"1177","Bugle's Caye",16.4903,-88.3236,"2018",2.5,NA,NA,NA,NA,NA,1363,2145,0,0,245,462,0,0,1172,1274,2780,40,79,1969,1287,2009
"1178","West of Laughing Bird Caye",16.45676,-88.2093,"2018",7.2,NA,5.5,4.37,29.67,13.65,NA,NA,NA,NA,NA,NA,NA,NA,NA,NA,NA,NA,NA,NA,NA,NA
"1178","West of Laughing Bird Caye",16.45676,-88.2093,"2018",7.3,NA,NA,NA,NA,NA,516,605,9,28,62,177,1752,5489,410,898,2749,237,433,1689,1965,1926
"1192","Near Wee Wee Caye",16.75744,-88.14417,"2018",1.4,NA,NA,NA,NA,NA,613,647,0,0,108,136,0,0,562,482,1283,285,433,2963,1866,3248
"1192","Near Wee Wee Caye",16.75744,-88.14417,"2018",1.7,NA,11.33,9.14,0.5,0.55,NA,NA,NA,NA,NA,NA,NA,NA,NA,NA,NA,NA,NA,NA,NA,NA
"1194","South of Curlew (sunken caye)",16.76494,-88.0761,"2018",6.1,NA,18.67,9.03,4.5,1.79,95,156,30,52,24,33,0,0,250,239,399,192,248,947,1046,1139
"1206","1206DFR",17.248,-87.8334,"2023",NA,"Atoll",13.833333,5.241395,16.916667,6.698362,314.18758157174,692.18822982386,10.498217691154,27.775673220212,24.490974038912,17.3177338207784,0,0,336.9940782618,595.31319761963,686.170851563606,364.24683156814,640.25001664591,770.33440709208,732.42506617931,1134.58123866022
"1206","1206SFR",17.2486,-87.8337,"2023",NA,"Atoll",19.166667,7.470312,13.166667,4.258977,50.352973400407,117.14016964932,11.775566634442,25.921945426696,53.6709623596082,37.8891468381375,0,0,95.179877804539,124.60039560926,210.979380198996,272.60781964782,289.22371552474,923.12247740644,959.69228015776,1195.73029705426
"1206","Bully Bay",17.25097,-87.8386,"2018",1,NA,NA,NA,NA,NA,195,224,0,0,56,178,0,0,155,175,406,198,244,1631,895,1829
"1206","Bully Bay",17.25097,-87.8386,"2018",1.2,NA,15.5,6.47,13.83,3.97,NA,NA,NA,NA,NA,NA,NA,NA,NA,NA,NA,NA,NA,NA,NA,NA
"1206_DFR","1206_DFR",17.24799,-87.83337,"2018",10.7,NA,NA,NA,NA,NA,633,649,54,154,0,0,0,0,406,339,1093,549,680,3512,1877,4061
"1206_SFR","1206_SFR",17.2486,-87.83705,"2018",7.6,NA,NA,NA,NA,NA,534,688,0,0,102,290,0,0,108,148,744,82,121,520,551,602
"1208","South Point Wreck Site",17.15318,-87.59994,"2018",1.4,NA,19.83,13.24,3.17,2.32,NA,NA,NA,NA,NA,NA,NA,NA,NA,NA,NA,NA,NA,NA,NA,NA
"1208","South Point Wreck Site",17.15318,-87.59994,"2018",1.5,NA,NA,NA,NA,NA,798,428,28,26,34,89,205,649,523,269,1588,246,337,901,1144,1147
"1217","Transfer Wrecksite",17.3956,-87.46557,"2018",1.4,NA,30.5,20.28,6.08,3.2,NA,NA,NA,NA,NA,NA,NA,NA,NA,NA,NA,NA,NA,NA,NA,NA
"1217","Transfer Wrecksite",17.3956,-87.46557,"2018",1.5,NA,NA,NA,NA,NA,57,148,0,0,54,133,0,0,470,447,581,2582,6556,334,520,2916
"1221","West of SAndbore Caye",17.46172,-87.49525,"2018",1.3,NA,21.67,19.43,22.25,10.41,NA,NA,NA,NA,NA,NA,NA,NA,NA,NA,NA,NA,NA,NA,NA,NA
"1221","West of SAndbore Caye",17.46172,-87.49525,"2018",1.5,NA,NA,NA,NA,NA,402,430,12,23,130,270,0,0,494,454,1038,261,230,2196,2113,2457
"1223","Southwest of Maugre Caye",17.56664,-87.7489,"2018",1,NA,NA,NA,NA,NA,2393,3633,0,0,249,326,498,1574,2443,1735,5583,2201,3358,2273,2344,4474
"1223","Southwest of Maugre Caye",17.56664,-87.7489,"2018",3.1,NA,14.5,9.77,9.5,5.58,NA,NA,NA,NA,NA,NA,NA,NA,NA,NA,NA,NA,NA,NA,NA,NA
"1230","North of Caye Caulker Marine Reserve",17.79961,-87.99541,"2018",1.4,NA,NA,NA,NA,NA,1166,613,63,72,97,188,615,1946,993,287,2934,1002,894,1163,1109,2165
"1230","North of Caye Caulker Marine Reserve",17.79961,-87.99541,"2018",1.8,NA,24.33,18.18,13.67,8.45,NA,NA,NA,NA,NA,NA,NA,NA,NA,NA,NA,NA,NA,NA,NA,NA
"1231","North of Hol Chan MR",17.8817,-87.96947,"2018",1.5,NA,10.83,12.19,22.5,13.75,NA,NA,NA,NA,NA,NA,NA,NA,NA,NA,NA,NA,NA,NA,NA,NA
"1231","North of Hol Chan MR",17.8817,-87.96947,"2018",5.8,NA,NA,NA,NA,NA,689,464,129,337,162,257,178,406,180,199,1338,422,327,879,972,1301
"1234","North of Mexico Rocks",18.186,-87.83305,"2018",1.5,NA,14,15.45,13.5,9.61,NA,NA,NA,NA,NA,NA,NA,NA,NA,NA,NA,NA,NA,NA,NA,NA
"1234","North of Mexico Rocks",18.186,-87.83305,"2018",5.9,NA,NA,NA,NA,NA,1972,1254,159,371,58,69,55,132,80,51,2324,180,129,92,233,272
"2056","Sianora Dive Site",17.19558,-87.9318,"2018",11.3,NA,NA,NA,NA,NA,450,647,23,73,373,597,0,0,406,533,1252,794,765,1321,1816,2115
"2056","Sianora Dive Site",17.19558,-87.9318,"2018",12.7,NA,9.83,6.43,6,3.74,NA,NA,NA,NA,NA,NA,NA,NA,NA,NA,NA,NA,NA,NA,NA,NA
"2065","East of Turneffe Flats",17.41428,-87.8094,"2018",3.9,NA,14,6.63,18.17,4.26,NA,NA,NA,NA,NA,NA,NA,NA,NA,NA,NA,NA,NA,NA,NA,NA
"2065","East of Turneffe Flats",17.41428,-87.8094,"2018",4.7,NA,NA,NA,NA,NA,1001,1063,0,0,13,27,0,0,1025,1160,2039,2888,3532,2098,2163,4986
"2220","West of Jack Barrow Camp",17.54819,-87.821,"2018",1,NA,NA,NA,NA,NA,472,700,9,30,120,236,2453,5705,956,910,4010,269,537,3746,3515,4015
"2220","West of Jack Barrow Camp",17.54819,-87.821,"2018",2.9,NA,32.17,11.7,0,0,NA,NA,NA,NA,NA,NA,NA,NA,NA,NA,NA,NA,NA,NA,NA,NA
"BCMR31","BCMR31",18.11352,-87.83405,"2018",14.2,NA,NA,NA,NA,NA,0,0,9,30,0,0,0,0,216,241,225,365,369,607,634,972
"BCMR39","BCMR39",18.09995,-87.85304,"2018",14.5,NA,NA,NA,NA,NA,402,912,35,74,25,61,0,0,145,215,607,445,373,878,1016,1323
"BZ-TAMR-01","WP4-DFR",17.38347,-87.93974,"2021",12.4,NA,NA,NA,NA,NA,112,165,28,56,0,0,0,0,37,58,177,62,80,1193,865,1255
"BZ-TAMR-01","WP4-DFR",17.38347,-87.93974,"2021",12.7,NA,10.17,6.88,11.5,7.58,NA,NA,NA,NA,NA,NA,NA,NA,NA,NA,NA,NA,NA,NA,NA,NA
"BZ-TAMR-02","WP4-BR",17.38659,-87.93578,"2021",0.7,NA,15.33,9.71,2,1.9,NA,NA,NA,NA,NA,NA,NA,NA,NA,NA,NA,NA,NA,NA,NA,NA
"BZ-TAMR-02","WP4-BR",17.38659,-87.93578,"2021",1.9,NA,NA,NA,NA,NA,33,42,9,27,0,0,0,0,90,111,132,60,92,342,867,402
"BZ-TAMR-03","WP4-SFR",17.38359,-87.93821,"2021",1.9,NA,NA,NA,NA,NA,14,24,30,63,0,0,205,649,78,120,327,244,513,216,448,460
"BZ-TAMR-03","WP4-SFR",17.38359,-87.93821,"2021",2.6,NA,17.67,4.63,2.17,1.72,NA,NA,NA,NA,NA,NA,NA,NA,NA,NA,NA,NA,NA,NA,NA,NA
"BZ-TAMR-04","1206-DFR",17.24799,-87.83336,"2021",12.3,NA,NA,NA,NA,NA,348,495,4,8,0,0,0,0,11,28,363,45,99,569,742,614
"BZ-TAMR-04","1206-DFR",17.24799,-87.83336,"2021",13.1,NA,13.5,8.36,27.58,8.77,NA,NA,NA,NA,NA,NA,NA,NA,NA,NA,NA,NA,NA,NA,NA,NA
"BZ-TAMR-05","1206-BR",17.24913,-87.83865,"2021",0.9,NA,11.5,8.55,9.5,3.07,NA,NA,NA,NA,NA,NA,NA,NA,NA,NA,NA,NA,NA,NA,NA,NA
"BZ-TAMR-05","1206-BR",17.24913,-87.83865,"2021",1.2,NA,NA,NA,NA,NA,3,6,0,0,151,478,0,0,576,1176,730,96,108,590,922,686
"BZ-TAMR-06","1206-SFR",17.2486,-87.83705,"2021",8.6,NA,16.83,10.46,11.58,7.07,NA,NA,NA,NA,NA,NA,NA,NA,NA,NA,NA,NA,NA,NA,NA,NA
"BZ-TAMR-06","1206-SFR",17.2486,-87.83705,"2021",9.5,NA,NA,NA,NA,NA,101,205,2941,9207,3,6,0,0,274,354,3319,204,191,1169,1383,1373
"BZ-TAMR-07","WP5-DFR",17.54654,-87.82282,"2021",10.1,NA,NA,NA,NA,NA,200,296,98,163,2,6,330,1043,52,63,682,68,62,405,485,473
"BZ-TAMR-07","WP5-DFR",17.54654,-87.82282,"2021",10.9,NA,17.17,3.87,19.83,9.66,NA,NA,NA,NA,NA,NA,NA,NA,NA,NA,NA,NA,NA,NA,NA,NA
"BZ-TAMR-08","WP5-BR",17.54707,-87.82041,"2021",1.9,NA,19.83,10.46,0.33,0.52,NA,NA,NA,NA,NA,NA,NA,NA,NA,NA,NA,NA,NA,NA,NA,NA
"BZ-TAMR-08","WP5-BR",17.54707,-87.82041,"2021",2,NA,NA,NA,NA,NA,25,50,4,11,19,43,0,0,59,126,107,98,170,257,347,355
"BZ-TAMR-09","WP5-SFR",17.54674,-87.82186,"2021",6.7,NA,NA,NA,NA,NA,93,156,0,0,6,20,117,370,28,55,244,170,252,919,524,1089
"BZ-TAMR-09","WP5-SFR",17.54674,-87.82186,"2021",7.4,NA,8.83,4.96,4.17,2.04,NA,NA,NA,NA,NA,NA,NA,NA,NA,NA,NA,NA,NA,NA,NA,NA
"BZ-TAMR-10","MP-DFR",17.62112,-87.78891,"2021",11.5,NA,NA,NA,NA,NA,60,105,38,66,0,0,0,0,191,245,289,464,686,1458,1224,1922
"BZ-TAMR-10","MP-DFR",17.62112,-87.78891,"2021",12.6,NA,12.17,3.06,25.5,5.29,NA,NA,NA,NA,NA,NA,NA,NA,NA,NA,NA,NA,NA,NA,NA,NA
"BZ-TAMR-11","MP-SFR",17.62051,-87.78842,"2021",7,NA,NA,NA,NA,NA,212,450,102,224,6,20,0,0,235,247,555,292,222,2377,1455,2669
"BZ-TAMR-11","MP-SFR",17.62051,-87.78842,"2021",7.1,NA,21.33,6.74,21,2.88,NA,NA,NA,NA,NA,NA,NA,NA,NA,NA,NA,NA,NA,NA,NA,NA
"BZ-TAMR-12","CZ2-DFR",17.51001,-87.74921,"2021",15,NA,NA,NA,NA,NA,217,687,528,1035,26,47,0,0,30,40,801,266,266,1132,1293,1398
"BZ-TAMR-12","CZ2-DFR",17.51001,-87.74921,"2021",16.2,NA,8.83,2.64,23.58,8.62,NA,NA,NA,NA,NA,NA,NA,NA,NA,NA,NA,NA,NA,NA,NA,NA
"BZ-TAMR-13","1062-DFR",17.2603,-87.96102,"2021",12.2,NA,NA,NA,NA,NA,424,814,318,503,109,221,0,0,140,144,991,678,768,437,367,1115
"BZ-TAMR-13","1062-DFR",17.2603,-87.96102,"2021",13.5,NA,10.83,2.48,3.5,2.35,NA,NA,NA,NA,NA,NA,NA,NA,NA,NA,NA,NA,NA,NA,NA,NA
"BZ-TAMR-14","1062-SFR",17.25871,-87.95925,"2021",5,NA,NA,NA,NA,NA,179,409,36,68,51,169,0,0,154,343,420,757,1138,649,759,1406
"BZ-TAMR-14","1062-SFR",17.25871,-87.95925,"2021",6,NA,9.33,2.5,0.5,0.84,NA,NA,NA,NA,NA,NA,NA,NA,NA,NA,NA,NA,NA,NA,NA,NA
"BZ-TAMR-15","1062-BR",17.25613,-87.95623,"2021",2.6,NA,NA,NA,NA,NA,606,1049,19,40,726,2294,0,0,436,796,1787,161,115,961,1434,1122
"BZ-TAMR-15","1062-BR",17.25613,-87.95623,"2021",4,NA,10.83,3.49,0.33,0.82,NA,NA,NA,NA,NA,NA,NA,NA,NA,NA,NA,NA,NA,NA,NA,NA
"BZ-TAMR-16","CB-SFR",17.15698,-87.90921,"2021",5.9,NA,NA,NA,NA,NA,9,28,675,1965,140,357,0,0,167,378,991,768,501,1177,1785,1945
"BZ-TAMR-16","CB-SFR",17.15698,-87.90921,"2021",6.5,NA,18.67,6.89,5.92,2.42,NA,NA,NA,NA,NA,NA,NA,NA,NA,NA,NA,NA,NA,NA,NA,NA
"BZ-TAMR-17","CB-BR",17.15853,-87.91022,"2021",3,NA,NA,NA,NA,NA,795,1897,216,332,151,412,703,2223,9691,24321,11556,804,1608,1574,2215,2378
"BZ-TAMR-17","CB-BR",17.15853,-87.91022,"2021",3.8,NA,27,9.21,8.17,5.67,NA,NA,NA,NA,NA,NA,NA,NA,NA,NA,NA,NA,NA,NA,NA,NA
"BZ-TAMR-18","SP-DFR",17.33406,-87.78709,"2021",9.2,NA,NA,NA,NA,NA,221,506,0,0,2,6,0,0,122,218,345,706,1710,736,1011,1442
"BZ-TAMR-18","SP-DFR",17.33406,-87.78709,"2021",10.2,NA,20.33,5.39,33.33,5.82,NA,NA,NA,NA,NA,NA,NA,NA,NA,NA,NA,NA,NA,NA,NA,NA
"BZ1019","South Tip of Sapodillas",16.10412,-88.32987,"2018",3,NA,NA,NA,NA,NA,997,1097,74,139,19,43,0,0,609,1065,1699,110,156,2646,2485,2756
"BZ1019","South Tip of Sapodillas",16.10412,-88.32987,"2018",3.6,NA,27,16.44,16.42,12.73,NA,NA,NA,NA,NA,NA,NA,NA,NA,NA,NA,NA,NA,NA,NA,NA
"BZ1019","South Tip of Sapodillas",16.10412,-88.32987,"2021",2.3,NA,NA,NA,NA,NA,242,313,7,11,0,0,0,0,204,181,453,12,10,1215,792,1227
"BZ1019","South Tip of Sapodillas",16.10412,-88.32987,"2021",2.4,NA,28.83,3.71,19,3.74,NA,NA,NA,NA,NA,NA,NA,NA,NA,NA,NA,NA,NA,NA,NA,NA
"BZ1019","White Reef",16.1041,-88.3299,"2023",NA,"Barrier",43.833333,11.156712,5.166667,4.561311,396.80979312307,469.99270620023,272.81143656941,199.60051587215,552.55504513696,390.715419395183,0,0,315.28818592714,343.24668208124,1537.46446075658,4150.5065747944,11794.783898661,5758.8515438715,5708.7195620054,9909.3581186659
"BZ1026","Coral Forest",16.1791,-88.34,"2023",NA,"Barrier",38,9.780934,0.666667,0.745356,339.62634910289,477.11488533828,133.49814790712,174.37022451384,564.32772233776,399.039959276589,0,0,284.68203850149,468.16707060272,1322.13425784926,1756.2702142186,4057.8186830095,5630.5469927845,4106.7237251193,7386.8172070031
"BZ1032","Round Caye",16.4185,-88.0413,"2021",6.4,NA,NA,NA,NA,NA,0,0,9,30,0,0,0,0,0,0,9,246,150,319,372,565
"BZ1032","Round Caye",16.4185,-88.0413,"2021",6.6,NA,11.17,0.75,36.33,4.72,NA,NA,NA,NA,NA,NA,NA,NA,NA,NA,NA,NA,NA,NA,NA,NA
"BZ1037","Carrie Caye",16.5175,-88.1935,"2023",NA,"Lagoonal",12.833333,9.736814,6.5,3.354102,191.67893607934,229.2726468788,38.530398827206,115.59119648162,248.74512768157,175.889366570752,0,0,1013.6863472596,1596.0985856488,1492.64080984772,129.70386058847,229.46979718903,3001.6704780822,2573.5126837986,3131.37433867067
"BZ1037B","Carrie Caye",16.51861,-88.19308,"2021",5.8,NA,NA,NA,NA,NA,17,37,0,0,21,45,0,0,114,260,152,1,3,1051,1046,1052
"BZ1037B","Carrie Caye",16.51861,-88.19308,"2021",6.5,NA,2.17,3.25,7.92,4.05,NA,NA,NA,NA,NA,NA,NA,NA,NA,NA,NA,NA,NA,NA,NA,NA
"BZ1041","Gladden Caye",16.558,-88.0507,"2018",2.5,NA,NA,NA,NA,NA,60,174,0,0,91,265,0,0,37,68,188,20,27,669,1037,689
"BZ1041","Gladden Caye",16.558,-88.0507,"2018",5.4,NA,13.17,8.61,8.5,6.12,NA,NA,NA,NA,NA,NA,NA,NA,NA,NA,NA,NA,NA,NA,NA,NA
"BZ1041","Gladden Caye",16.558,-88.0507,"2023",NA,"Barrier",14.833333,11.653564,3.833333,3.804237,1083.9684686449,1042.9418977882,0,0,352.43983861041,249.212599841713,0,0,686.07330982929,928.05582558124,2122.4816170846,1983.7944868206,3831.6805470785,1869.9484023178,3167.9317269766,3853.7428891384
"BZ1041.","Gladden Caye",16.558,-88.0507,"2021",3.4,NA,15.17,5.6,13.25,13.27,NA,NA,NA,NA,NA,NA,NA,NA,NA,NA,NA,NA,NA,NA,NA,NA
"BZ1041.","Gladden Caye",16.558,-88.0507,"2021",3.7,NA,NA,NA,NA,NA,44,108,9,30,0,0,0,0,23,50,76,392,1055,1981,3174,2373
"BZ1043","South Water Caye",16.6302,-88.2061,"2023",NA,"Lagoonal",17,13.928388,7.333333,9.994443,1294.1353877424,865.97178634972,63.726121285975,144.16555908964,60.948570982427,43.0971478453038,0,0,1468.9026492981,1223.6706780497,2887.7127293089,0,0,1756.522205176,3786.8641422991,1756.522205176
"BZ1045","Glover’s Reef Southwest",16.72,-87.8387,"2023",NA,"Atoll",27.333333,9.893881,9.75,7.163274,220.06004083335,172.43186705268,183.38516220863,320.53293442317,173.37486424877,122.594542197602,0,0,1211.7247963595,1366.6627701004,1788.54486365025,767.23890145349,536.46427691823,2788.1209623471,2119.9539559111,3555.35986380059
"BZ1045","Glovers Reef Southwest",16.72,-87.8387,"2021",6.2,NA,NA,NA,NA,NA,203,310,114,357,1,3,0,0,28,51,346,121,161,319,471,440
"BZ1045","Glovers Reef Southwest",16.72,-87.8387,"2021",7.5,NA,28.17,13.23,17.17,11.64,NA,NA,NA,NA,NA,NA,NA,NA,NA,NA,NA,NA,NA,NA,NA,NA
"BZ1047","Glover’s Reef",16.7705,-87.8716,"2023",NA,"Atoll",27.666667,7.824463,2.916667,3.167763,576.42723529082,1032.0782972156,493.26379309985,886.75712103732,11.015361035213,7.78903648521718,0,0,805.94385712718,1303.650784641,1886.65024655306,292.05701096259,237.04736574281,8096.9445123495,5143.3060478528,8389.00152331209
"BZ1049","Glovers Reef",16.7841,-87.75241,"2021",4.6,NA,NA,NA,NA,NA,864,899,49,155,27,80,0,0,133,172,1073,308,263,1176,2338,1484
"BZ1049","Glovers Reef",16.7841,-87.75241,"2021",6.1,NA,27.83,18.84,19.83,10.63,NA,NA,NA,NA,NA,NA,NA,NA,NA,NA,NA,NA,NA,NA,NA,NA
"BZ1049","Glovers Reef, Glovers Reef",16.7841,-87.7524,"2023",NA,"Atoll",31.666667,14.476034,30.416667,15.155903,409.39069555372,599.10309781671,46.928972980129,115.53764888939,0,0,0,0,293.95349267913,400.95324140673,750.273161212979,583.28743940775,557.05321148929,1980.9470274634,2489.8702863959,2564.23446687115
"BZ1050","Glover's Northeast",16.88532,-87.70304,"2018",9.9,NA,NA,NA,NA,NA,0,0,71,226,0,0,0,0,29,40,100,82,110,876,1028,958
"BZ1050","Glover's Northeast",16.88532,-87.70304,"2018",10,NA,32.17,6.62,10.67,4.23,NA,NA,NA,NA,NA,NA,NA,NA,NA,NA,NA,NA,NA,NA,NA,NA
"BZ1050","Glover's Reef Northeast",16.8853,-87.703,"2023",NA,"Atoll",26.333333,8.076028,10.333333,7.570043,152.79626962288,301.02645531018,157.49768571302,305.93356623958,0,0,132.6964894597,398.08946837911,215.0176672202,351.09195318835,658.0081120158,430.67409815064,415.39883550788,4280.4287543268,4218.7627791646,4711.10285247744
"BZ1050","Glover's Reef Northeast",16.88532,-87.70304,"2021",7.5,NA,NA,NA,NA,NA,75,123,2,4,0,0,0,0,87,189,164,38,43,361,736,399
"BZ1050","Glover's Reef Northeast",16.88532,-87.70304,"2021",10,NA,21.5,9.85,14.83,7.99,NA,NA,NA,NA,NA,NA,NA,NA,NA,NA,NA,NA,NA,NA,NA,NA
"BZ1052","Glover's Reef Northwest",16.8856,-87.8102,"2021",5.4,NA,NA,NA,NA,NA,210,322,48,65,2,4,0,0,70,126,330,80,121,566,548,646
"BZ1052","Glover's Reef Northwest",16.8856,-87.8102,"2021",8.8,NA,28.33,9.27,4.5,4.32,NA,NA,NA,NA,NA,NA,NA,NA,NA,NA,NA,NA,NA,NA,NA,NA
"BZ1052","Glover's Reef Northwest(east)",16.8856,-87.8102,"2023",NA,"Atoll",33.166667,11.710631,5.25,4.811012,855.3368298384,1637.8221964327,784.81998709501,1081.0705630876,95.319528921573,67.4010852799515,0,0,48.715256075274,109.6356885768,1784.19160193026,102.68363551353,79.631667577475,5359.611574423,6977.6542860429,5462.29520993653
"BZ1055",NA,17.132,-87.603,"2018",6.4,NA,NA,NA,NA,NA,201,600,0,0,62,194,0,0,71,62,334,525,348,858,761,1383
"BZ1055",NA,17.132,-87.603,"2018",7,NA,26.5,18.79,9.58,6.61,NA,NA,NA,NA,NA,NA,NA,NA,NA,NA,NA,NA,NA,NA,NA,NA
"BZ1062","1062DFR",17.2603,-87.961,"2023",NA,"Atoll",12.5,7.653975,3.833333,3.236081,246.48336960539,561.96102309212,53.354006309493,120.19042677576,0,0,0,0,101.80545902307,143.69238180371,401.642834937953,140.26267588819,144.15761421933,832.49797415658,1137.7846521645,972.76065004477
"BZ1063","Lighthouse",17.3513,-87.482,"2018",11.7,NA,NA,NA,NA,NA,67,213,129,339,540,866,498,1574,524,679,1758,942,665,963,1247,1905
"BZ1063","Lighthouse",17.3513,-87.482,"2018",12.5,NA,16.17,13.21,20.42,8.72,NA,NA,NA,NA,NA,NA,NA,NA,NA,NA,NA,NA,NA,NA,NA,NA
"BZ1064","Paranga Grounding",17.3185,-88.0425,"2023",NA,"Barrier",12.166667,12.562068,4.583333,4.127314,281.83688103995,306.11511017432,4.3988716361489,13.196614908447,343.424368464143,226.441245051455,0,0,359.7164536138,415.56924774865,989.376574754042,647.96877042206,711.63489708654,1749.1147768717,2094.6055596346,2397.08354729376
"BZ1064","Paranga Grounding Site",17.31848,-88.0425,"2021",4.3,NA,NA,NA,NA,NA,279,320,45,138,176,412,0,0,52,74,552,311,273,4531,3065,4842
"BZ1064","Paranga Grounding Site",17.31848,-88.0425,"2021",5.4,NA,27.67,10.03,1.83,2.14,NA,NA,NA,NA,NA,NA,NA,NA,NA,NA,NA,NA,NA,NA,NA,NA
"BZ1070","North Gallows",17.4882,-88.04193,"2021",3.5,NA,NA,NA,NA,NA,103,189,65,138,6,20,0,0,366,294,540,1440,3384,1773,1159,3213
"BZ1070","North Gallows",17.4882,-88.04193,"2021",3.9,NA,30.5,8.64,4,1.67,NA,NA,NA,NA,NA,NA,NA,NA,NA,NA,NA,NA,NA,NA,NA,NA
"BZ1077","Coral Gardens",17.8193,-87.9869,"2023",NA,"Barrier",4.666667,2.687419,33.5,3.947573,393.08508884996,626.98372115135,0,0,0,0,0,0,91.524377077461,165.13235356716,484.609465927421,233.76394546254,237.66165440003,992.48325739804,984.35579101597,1226.24720286058
"BZ1077","Coral Gardens",17.81931,-87.98686,"2021",6.6,NA,NA,NA,NA,NA,332,458,0,0,0,0,0,0,90,188,422,293,403,1243,1304,1536
"BZ1077","Coral Gardens",17.81931,-87.98686,"2021",6.8,NA,12.17,1.94,13.83,4.26,NA,NA,NA,NA,NA,NA,NA,NA,NA,NA,NA,NA,NA,NA,NA,NA
"BZ1079","Tres Cocos",17.93406,-87.93876,"2021",7.7,NA,NA,NA,NA,NA,150,474,11,36,0,0,0,0,1374,4084,1535,459,245,2810,3395,3269
"BZ1079","Tres Cocos",17.93406,-87.93876,"2021",7.9,NA,17.5,3.67,20,6.16,NA,NA,NA,NA,NA,NA,NA,NA,NA,NA,NA,NA,NA,NA,NA,NA
"BZ1079","Tres Cocos",17.9341,-87.9388,"2023",NA,"Barrier",13,6.733003,40.416667,9.597815,423.71032906459,719.55920252239,0,0,0,0,0,0,1064.5175231829,3158.0816406033,1488.22785224749,258.79542020978,306.70879781104,1514.5989059053,2320.2615479119,1773.39432611508
"BZ1080","Basil Jones",18.08799,-87.86372,"2021",6.5,NA,NA,NA,NA,NA,207,398,2,5,171,498,0,0,330,460,710,577,271,2481,4056,3058
"BZ1080","Basil Jones",18.08799,-87.86372,"2021",7.9,NA,14.5,3.62,18,3.74,NA,NA,NA,NA,NA,NA,NA,NA,NA,NA,NA,NA,NA,NA,NA,NA
"BZ1080","Basil Jones",18.088,-87.8637,"2023",NA,"Barrier",7.833333,4.561311,32.583333,7.764324,747.06984138593,920.95991089964,110.6550942661,156.52759363398,111.76166740619,79.0274328996325,0,0,680.66943284808,374.53944483292,1650.1560359063,337.99574955006,319.65361996394,2003.3249676534,1609.4600567259,2341.32071720346
"BZ1081","North of Alleys",18.17546,-87.828,"2021",7.8,NA,NA,NA,NA,NA,480,1181,0,0,0,0,205,649,120,161,805,1139,1350,1558,1706,2697
"BZ1081","North of Alleys",18.17546,-87.828,"2021",9.1,NA,17.33,5.79,28.58,19.62,NA,NA,NA,NA,NA,NA,NA,NA,NA,NA,NA,NA,NA,NA,NA,NA
"BZ1098","Traps Caye",16.4953,-88.1685,"2023",NA,"Lagoonal",14.583333,3.855912,3.5,1.384437,348.82894511683,418.18600363785,93.857945960258,169.60320706188,0,0,0,0,284.06316646963,528.38151156513,726.750057546718,76.836568900686,122.61786088691,3415.0144684983,2348.4783142331,3491.85103739899
"BZ1098","Traps Caye, Moho",16.4953,-88.1685,"2021",5.6,NA,6.83,3.06,11.83,9.91,NA,NA,NA,NA,NA,NA,NA,NA,NA,NA,NA,NA,NA,NA,NA,NA
"BZ1098","Traps Caye, Moho",16.4953,-88.1685,"2021",5.9,NA,NA,NA,NA,NA,17,37,28,63,10,31,0,0,36,87,91,9,28,906,1185,915
"BZ1100","Baker Caye",16.5509,-88.1996,"2021",2.8,NA,NA,NA,NA,NA,34,106,0,0,0,0,0,0,40,54,74,0,0,255,398,255
"BZ1100","Baker Caye",16.5509,-88.1996,"2021",3.2,NA,10.5,4.04,18.67,18.54,NA,NA,NA,NA,NA,NA,NA,NA,NA,NA,NA,NA,NA,NA,NA,NA
"BZ1100","Baker Caye",16.5509,-88.1996,"2023",NA,"Bank",19,13.316656,27,11.015141,232.22244535257,344.70179761273,0,0,496.81179452849,351.298988884553,0,0,381.04796087434,350.63124129151,1110.0822007554,0,0,88.606596382602,144.40113096352,88.606596382602
"BZ1103","NE Range",16.6584,-88.0956,"2023",NA,"Bank",6.916667,3.983473,27.416667,13.454914,559.98318938503,707.0978055413,0,0,71.563561919063,50.6030799188328,0,0,370.11475259107,296.53576313787,1001.66150389516,835.10232021412,1193.1524221648,573.80254685471,288.28290587192,1408.90486706883
"BZ1104","North of Middle Caye",16.75118,-87.8214,"2018",1.3,NA,6.17,3.97,40.67,7.39,NA,NA,NA,NA,NA,NA,NA,NA,NA,NA,NA,NA,NA,NA,NA,NA
"BZ1104","North of Middle Caye",16.75118,-87.8214,"2018",1.5,NA,NA,NA,NA,NA,286,510,0,0,3,8,0,0,550,747,839,606,848,2351,1943,2957
"BZ1104","North of Middle Caye",16.75118,-87.82139,"2021",1.8,NA,15.5,6.19,30.92,11.1,NA,NA,NA,NA,NA,NA,NA,NA,NA,NA,NA,NA,NA,NA,NA,NA
"BZ1104","North of Middle Caye",16.75118,-87.82139,"2021",2.7,NA,NA,NA,NA,NA,564,1296,0,0,6,20,0,0,484,1027,1054,25,46,214,328,239
"BZ1104","North of Middle Caye",16.7512,-87.8214,"2023",NA,"Atoll",15.333333,6.368324,25.416667,14.509815,1557.9992455596,1872.9511767006,85.12331071043,255.36993213129,0,0,0,0,2109.0934900725,4938.1060072456,3752.21604634253,5777.2575790258,14480.191173883,989.52317918393,1081.4654569419,6766.78075820973
"BZ1105","South Water  Caye Reef",16.7365,-88.1485,"2023",NA,"Bank",7.333333,2.624669,11.166667,6.649979,92.153535432637,163.29179852947,0,0,226.21232030484,159.956265675496,0,0,193.55685195684,369.22314204527,511.922707694317,250.4080980373,528.94793470107,541.36065361419,662.32583609375,791.76875165149
"BZ1106","Southwest Glover’s Patch",16.7434,-87.8508,"2023",NA,"Atoll",22.666667,9.860133,5.166667,5.920773,429.78675578616,694.83259690618,52.733037589562,129.31359097854,186.26944567699,131.712388166059,0,0,1279.7404447314,1964.9830029801,1948.52968378411,2931.6438367495,5475.6399956637,2921.2976467738,2906.7266375505,5852.9414835233
"BZ1106","Southwest Glovers Patch",16.74339,-87.85077,"2021",1.5,NA,18.67,13.13,15.33,9.2,NA,NA,NA,NA,NA,NA,NA,NA,NA,NA,NA,NA,NA,NA,NA,NA
"BZ1106","Southwest Glovers Patch",16.74339,-87.85077,"2021",1.9,NA,NA,NA,NA,NA,578,1267,0,0,0,0,0,0,15,47,593,121,177,1435,1806,1556
"BZ1109","Glover's North inner patch",16.88644,-87.78005,"2018",1,NA,13.33,2.25,22,8.88,NA,NA,NA,NA,NA,NA,NA,NA,NA,NA,NA,NA,NA,NA,NA,NA
"BZ1109","Glover's North inner patch",16.88644,-87.78005,"2018",1.3,NA,NA,NA,NA,NA,104,330,0,0,0,0,0,0,196,402,300,158,229,142,257,300
"BZ1109","Glover's North Inner Patch",16.8864,-87.7801,"2023",NA,"Atoll",17.833333,7.38053,43.166667,16.80691,0,0,31.031272616373,93.09381784912,0,0,0,0,1769.5750947982,3297.4009863743,1800.60636741457,1559.1720622937,2402.4554968924,272.96366030124,266.44263956067,1832.13572259494
"BZ1109","Glover's North Inner Patch",16.88644,-87.78005,"2021",1.2,NA,12.83,13.36,29.67,18.8,0,0,0,0,0,0,0,0,46,115,46,32,83,9,10,41
"BZ1112","Rendezvous",17.2451,-88.0522,"2023",NA,"Barrier",26.5,8.098354,1,0.816497,275.07187810491,443.34683223863,312.05325633279,584.28747029228,15.595305810757,11.0275464934642,0,0,214.13594213481,191.71039207159,816.856382383267,238.20548099683,458.87867681678,1567.8824312433,1054.7037843903,1806.08791224013
"BZ1112","Rendezvous Caye Patch",17.24508,-88.05223,"2018",3.7,NA,21.5,9.89,20.17,12.24,NA,NA,NA,NA,NA,NA,NA,NA,NA,NA,NA,NA,NA,NA,NA,NA
"BZ1112","Rendezvous Caye Patch",17.24508,-88.05223,"2018",8.8,NA,NA,NA,NA,NA,336,420,9,30,56,118,0,0,806,951,1207,585,829,6868,4155,7453
"BZ1112","Rendezvous Caye Patch",17.24508,-88.05223,"2021",5.7,NA,41.67,7.2,2.33,2.88,NA,NA,NA,NA,NA,NA,NA,NA,NA,NA,NA,NA,NA,NA,NA,NA
"BZ1112","Rendezvous Caye Patch",17.24508,-88.05223,"2021",5.9,NA,NA,NA,NA,NA,32,51,4,8,0,0,0,0,66,78,102,8,14,2332,1110,2340
"BZ1118","Robinson area flats",17.3524,-88.1501,"2023",NA,"Lagoonal",14.166667,7.690181,3.916667,3.321855,448.72648862139,860.64800201863,33.395098863421,45.042752619643,362.68950706778,256.460209912834,314.2057879241,526.56318933521,1722.9814874547,2725.2158535602,2881.99836993139,900.23308642147,1032.3855368124,758.19601136715,890.43737915637,1658.42909778862
"BZ1124","Nothing Special",16.1548,-88.3299,"2023",NA,"Barrier",12.833333,7.220726,15,5.163978,423.88237775858,812.54276227881,64.835924405635,113.00715600355,0,0,0,0,108.65556404235,299.22212822976,597.373866206565,188.0699103243,368.8061567664,3105.4760843316,1017.2743091076,3293.5459946559
"BZ1124","Southwest of Seal Caye",16.1548,-88.3729,"2018",8.9,NA,16.83,7.36,19.92,3.56,NA,NA,NA,NA,NA,NA,NA,NA,NA,NA,NA,NA,NA,NA,NA,NA
"BZ1124","Southwest of Seal Caye",16.1548,-88.3729,"2018",10.3,NA,NA,NA,NA,NA,1005,1070,0,0,69,165,0,0,293,694,1367,168,307,2137,1179,2305
"BZ1124","Southwest of Seal Caye",16.1548,-88.3729,"2021",7.6,NA,13.17,5.15,12.33,5.61,NA,NA,NA,NA,NA,NA,NA,NA,NA,NA,NA,NA,NA,NA,NA,NA
"BZ1124","Southwest of Seal Caye",16.1548,-88.3729,"2021",8,NA,NA,NA,NA,NA,0,0,3,10,0,0,0,0,25,40,28,0,0,904,607,904
"BZ1128","East of Water Caye",17.385,-88.04222,"2021",2.4,NA,NA,NA,NA,NA,73,231,37,75,62,198,0,0,483,799,655,3335,9359,1421,904,4756
"BZ1128","East of Water Caye",17.385,-88.04222,"2021",3.6,NA,39.83,18.5,0.5,0.84,NA,NA,NA,NA,NA,NA,NA,NA,NA,NA,NA,NA,NA,NA,NA,NA
"BZ1128","Spanish Bay",17.3883,-88.0456,"2023",NA,"Barrier",19.166667,8.02946,14.666667,10.530379,268.57463723167,494.6347325662,8.3985741529233,25.19572245877,74.507778270795,52.6849552664228,0,0,901.46544184266,1159.4451273543,1252.94643149805,153.02881484613,251.27281565556,1611.3078310271,1056.9634358556,1764.33664587323
"BZ1130","Rise & Fall",16.0682,-88.3011,"2023",NA,"Bank",8,4.041452,28,21.18962,1058.5273837431,1190.6330207662,622.5904394442,1216.2382349308,0,0,0,0,0,0,1681.1178231873,498.83832774784,439.57467624511,1981.6316415476,1626.1561705537,2480.46996929544
"BZ1149","Seal Caye",16.1237,-88.3787,"2023",NA,"Barrier",15.833333,6.76798,17.666667,8.034647,597.8442858909,1259.7672375015,135.85081672487,178.71589184169,0,0,0,0,248.5164828942,347.92988756533,982.21158550997,4441.1377859378,13080.247053824,4451.6637097493,2599.9687755671,8892.8014956871
"BZ1149","Southwest of Seal Caye",16.12373,-88.37861,"2021",8.3,NA,NA,NA,NA,NA,93,201,24,48,60,126,0,0,350,594,527,440,1278,1020,299,1460
"BZ1149","Southwest of Seal Caye",16.12373,-88.37861,"2021",8.4,NA,12.67,4.32,25.67,5.89,NA,NA,NA,NA,NA,NA,NA,NA,NA,NA,NA,NA,NA,NA,NA,NA
"BZ1177","Bugle's Caye",16.4903,-88.3236,"2021",2.7,NA,NA,NA,NA,NA,235,378,0,0,155,395,0,0,842,1479,1232,91,258,226,243,317
"BZ1177","Bugle's Caye",16.4903,-88.3236,"2021",2.8,NA,25.67,8.26,9.83,5.08,NA,NA,NA,NA,NA,NA,NA,NA,NA,NA,NA,NA,NA,NA,NA,NA
"BZ1177","Bugle's Caye",16.4903,-88.3236,"2023",NA,"Lagoonal",12.583333,5.64518,7.666667,5.25727,1341.323781659,2287.923216198,0,0,1.2189714196485,0.861942956906047,0,0,1212.2927746547,873.32766273662,2554.83552773335,217.78181466858,578.61395045132,2072.6497955639,1898.5526268094,2290.43161023248
"BZ1178","NA,NA",16.4563,-88.2097,"2023",NA,"Lagoonal",5.166667,2.339278,7.583333,3.271298,251.73337065482,283.36905829027,38.530398827206,115.59119648162,343.09672783665,242.606022856211,523.46759071072,1570.4027721322,83.347625956141,147.62223651382,1240.17571398554,65.866824593245,130.39377889008,2019.0870007263,2125.8723279006,2084.95382531955
"BZ1178","West of Laughing Bird Caye",16.4563,-88.2097,"2021",6.4,NA,3,2.19,32.67,13.54,NA,NA,NA,NA,NA,NA,NA,NA,NA,NA,NA,NA,NA,NA,NA,NA
"BZ1178","West of Laughing Bird Caye",16.4563,-88.2097,"2021",6.5,NA,NA,NA,NA,NA,290,776,9,30,0,0,0,0,9,28,308,49,109,1162,1397,1211
"BZ1186","False Caye",16.6034,-88.3342,"2023",NA,"Lagoonal",3.333333,2.624669,34.833333,9.719682,92.718255189303,227.26522509598,0,0,0,0,0,0,522.32651972134,762.53126838227,615.044774910643,0,0,1930.7894239851,1135.4171292102,1930.7894239851
"BZ1192","Wee Wee Cay",16.7574,-88.1442,"2023",NA,"Bank",8,4.966555,2.083333,2.129489,801.95267989249,1886.5098415213,0,0,91.612805811341,64.7800362327256,0,0,324.48230146068,303.1156962855,1218.04778716451,737.94215507288,1017.7190519861,988.5815298812,998.93077442254,1726.52368495408
"BZ1215","Robinson Point Caye",17.3568,-88.1709,"2023",NA,"Lagoonal",2.333333,2.357023,3.833333,3.670453,237.25009876404,379.20865993037,16.589506794739,28.582745606146,311.94188400562,220.576221516481,0,0,183.43694781272,382.54838309886,749.218437377119,181.39288731304,345.05225948557,589.42546360267,734.65932859956,770.81835091571
"BZ1229","BZ1229",17.6876,-88.0161,"2023",NA,"Barrier",9.666667,6.774134,7.833333,3.423773,307.69737770236,323.87097478995,174.58510870709,194.37325858601,9.5304646621292,6.73905619045032,0,0,1118.5897306093,789.62694469021,1610.40268168088,4076.7764247784,9050.14894678,5401.8818262217,1696.4803647476,9478.6582510001
"BZ1229","Caye Chapel",17.68764,-88.01608,"2021",1.8,NA,NA,NA,NA,NA,0,0,2,5,176,471,0,0,309,359,487,185,135,1644,1383,1829
"BZ1229","Caye Chapel",17.68764,-88.01608,"2021",2.7,NA,43.83,8.57,4.5,3.27,NA,NA,NA,NA,NA,NA,NA,NA,NA,NA,NA,NA,NA,NA,NA,NA
"BZ1230","North of Caye Caulker Marine Reserve",17.7996,-87.9954,"2023",NA,"Barrier",8.333333,5.906682,16,8.051915,59.140082662124,116.21844781748,46.928972980129,115.53764888939,25.732254587749,18.195451714216,354.44863557565,1063.345906727,182.25241993625,174.08312487398,668.502365741902,360.06699613396,443.88586466697,1789.7779891856,1117.6597887122,2149.84498531956
"BZ1230","North of Caye Caulker MR",17.79961,-87.99541,"2021",2.3,NA,38.17,5.78,14.33,3.5,21,67,2,5,34,89,0,0,268,431,325,63,132,401,614,464
"BZ1231","North of Hol Chan Marine Reserve",17.8817,-87.9695,"2023",NA,"Barrier",5.333333,2.134375,21.583333,9.532474,1865.9404546161,3338.6020939476,0,0,1.2189714196485,0.861942956906047,0,0,1901.167453807,2853.6208203571,3768.32687984275,121.13534438323,285.19601174938,293.77708456239,466.21323819161,414.91242894562
"BZ1231","North of Hol Chan MR",17.8817,-87.96947,"2021",0.9,NA,9,3.52,25.33,3.2,NA,NA,NA,NA,NA,NA,NA,NA,NA,NA,NA,NA,NA,NA,NA,NA
"BZ1231","North of Hol Chan MR",17.8817,-87.96947,"2021",1.3,NA,NA,NA,NA,NA,9,28,0,0,119,203,0,0,514,1231,642,232,381,61,185,293
"BZ1234","North of Mexico Rocks",18.186,-87.83305,"2021",1.1,NA,12.17,12.46,12.5,13.31,NA,NA,NA,NA,NA,NA,NA,NA,NA,NA,NA,NA,NA,NA,NA,NA
"BZ1234","North of Mexico Rocks",18.186,-87.83305,"2021",1.6,NA,NA,NA,NA,NA,1038,1931,0,0,77,238,0,0,14396,32530,15511,263,311,802,1004,1065
"BZ2027",NA,16.2472,-88.176,"2018",8.9,NA,16.17,12.72,20.42,7.88,NA,NA,NA,NA,NA,NA,NA,NA,NA,NA,NA,NA,NA,NA,NA,NA
"BZ2027",NA,16.2472,-88.176,"2018",9.1,NA,NA,NA,NA,NA,430,491,60,154,0,0,0,0,186,262,676,129,214,1215,1251,1344
"BZ2027B",NA,16.24728,-88.17989,"2021",7.2,NA,15.67,5.13,17.33,1.37,NA,NA,NA,NA,NA,NA,NA,NA,NA,NA,NA,NA,NA,NA,NA,NA
"BZ2027B",NA,16.24728,-88.17989,"2021",8,NA,NA,NA,NA,NA,267,629,49,156,0,0,0,0,0,0,316,104,151,97,168,201
"BZ2054","Caye Glory",17.0975,-88.0077,"2023",NA,"Barrier",11.5,7.205322,7.833333,2.733537,2007.583412898,1194.5486198621,117.85748376615,299.41985323264,0,0,0,0,734.54639269073,874.10933928904,2859.98728935488,642.02944591173,310.44381823403,2556.3766364051,881.24054293874,3198.40608231683
"BZ2061","Lighthouse",17.2574,-87.572,"2018",6.1,NA,NA,NA,NA,NA,208,479,32,62,132,169,220,645,312,395,904,1342,828,1252,1148,2594
"BZ2061","Lighthouse",17.2574,-87.572,"2018",7.2,NA,21.33,14.75,5,5.73,NA,NA,NA,NA,NA,NA,NA,NA,NA,NA,NA,NA,NA,NA,NA,NA
"BZ2066","Lighthouse",17.3097,-87.584,"2018",8.9,NA,NA,NA,NA,NA,943,1911,814,1835,742,959,330,1043,560,502,3389,1622,1104,1269,1065,2891
"BZ2066","Lighthouse",17.3097,-87.584,"2018",9.5,NA,26.33,17.06,6.17,7.94,NA,NA,NA,NA,NA,NA,NA,NA,NA,NA,NA,NA,NA,NA,NA,NA
"BZ2070","Gallows",17.4496,-88.0324,"2021",1.4,NA,NA,NA,NA,NA,82,106,2,5,76,239,205,649,112,330,477,2658,5544,1178,1053,3836
"BZ2070","Gallows",17.4496,-88.0324,"2021",1.5,NA,46.17,5.12,0,0,NA,NA,NA,NA,NA,NA,NA,NA,NA,NA,NA,NA,NA,NA,NA,NA
"BZ2070","Gallows Flat",17.4496,-88.0324,"2018",8.4,NA,12.5,3.02,23.17,3.43,NA,NA,NA,NA,NA,NA,NA,NA,NA,NA,NA,NA,NA,NA,NA,NA
"BZ2070","Gallows Flat",17.4496,-88.0324,"2018",8.9,NA,NA,NA,NA,NA,2095,4283,97,181,19,43,41,129,583,765,2835,1534,3423,2898,3186,4432
"BZ2202","Lighthouse",17.129,-87.615,"2018",0.9,NA,NA,NA,NA,NA,118,216,12,33,34,109,0,0,87,114,251,296,349,124,174,420
"BZ2202","Lighthouse",17.129,-87.615,"2018",1.1,NA,20.83,16.98,8.33,7.07,NA,NA,NA,NA,NA,NA,NA,NA,NA,NA,NA,NA,NA,NA,NA,NA
"BZBCCB01","Barracuda Patch",18.16878,-87.834,"2018",2.2,NA,13.33,14.94,25.67,11.17,NA,NA,NA,NA,NA,NA,NA,NA,NA,NA,NA,NA,NA,NA,NA,NA
"BZBCCB01","Barracuda Patch",18.16878,-87.834,"2018",5.5,NA,NA,NA,NA,NA,1122,1000,24,39,68,118,41,129,49,52,1304,315,291,725,693,1040
"BZBCCB01","Barracuda Patch",18.16878,-87.834,"2021",1.5,NA,13.17,8.52,20,11.31,NA,NA,NA,NA,NA,NA,NA,NA,NA,NA,NA,NA,NA,NA,NA,NA
"BZBCCB01","Barracuda Patch",18.16878,-87.834,"2021",1.8,NA,NA,NA,NA,NA,740,1386,0,0,160,269,0,0,451,901,1351,358,373,3261,4410,3619
"BZCGMF","Caye Glory",17.0853,-87.9878,"2023",NA,"Barrier",11,8.75595,13.666667,5.153208,529.96250194515,484.32933286169,126.25605791908,297.16561595565,9.7963896155649,6.92709352831142,0,0,860.10270946276,1216.1559048732,1526.11765894255,346.11354515546,245.04421339508,3837.7288957112,6181.4756465364,4183.84244086666
"BZHCCD01","BZHCCD01",17.8684,-87.9722,"2023",NA,"Barrier",13.5,3.774917,29.5,8.784456,453.84882568351,586.93789950821,8.3985741529233,25.19572245877,120.33908560211,85.0925834710404,0,0,370.78808388276,469.15859766992,953.374569321303,223.63595306744,222.22696813497,2840.7854298945,2034.3620178177,3064.42138296194
"BZHCCD02","BZHCCD02",17.8426,-87.9794,"2023",NA,"Barrier",10.714286,4.772369,31.571429,10.47592,777.86015212185,944.53812112946,20.106387243581,32.674051796571,162.97094572241,115.237860856701,0,0,1117.22264889,1279.1419476753,2078.16013397784,635.13025028892,954.51010260717,2033.275920227,1665.9583402422,2668.40617051592
"BZPHMR01","Daly Bank",16.33054,-88.34744,"2018",7.9,NA,NA,NA,NA,NA,110,244,627,1162,0,0,0,0,348,451,1085,66,185,3644,4116,3710
"BZPHMR02","BZPHMR02",16.1595,-88.4102,"2023",NA,"Barrier",20.833333,3.97562,8.166667,1.950783,0,0,77.060797654411,154.12159530882,83.085196466711,58.7501058378279,0,0,267.80007748025,282.94900316336,427.946071601372,0,0,4607.7588652827,3191.9230000836,4607.7588652827
"BZPHMR02","Spanish Bank",16.15951,-88.41017,"2018",7.9,NA,NA,NA,NA,NA,1297,2406,199,452,184,519,0,0,506,604,2186,159,270,6113,4841,6272
"BZPHMR03","East Snake Caye",16.20594,-88.50809,"2018",4,NA,NA,NA,NA,NA,5168,5467,0,0,398,934,0,0,978,1264,6544,444,594,7734,9020,8178
"BZPHMR04","Middle Snake Caye",16.20152,-88.55112,"2018",3.5,NA,NA,NA,NA,NA,4236,6879,0,0,351,791,0,0,1996,2509,6583,273,547,14203,19283,14476
"BZPHMR05","South Snake Caye",16.17913,-88.56444,"2018",3.3,NA,NA,NA,NA,NA,1869,3687,12,33,516,782,0,0,10050,15090,12447,113,267,8572,6825,8685
"BZPHMR06","West Snake Caye",16.18874,-88.56981,"2018",3.8,NA,NA,NA,NA,NA,8153,7800,12,33,1344,2626,0,0,15890,18193,25399,599,871,7565,7379,8164
"BZPHMR07","Bank 3",16.15346,-88.59153,"2018",4.9,NA,NA,NA,NA,NA,547,773,0,0,0,0,0,0,1639,1613,2186,150,280,849,1193,999
"BZPHMR08","Bank 2",16.17936,-88.55684,"2018",5.3,NA,NA,NA,NA,NA,56,149,868,1935,281,743,0,0,3715,4702,4920,1105,1435,8012,8080,9117
"BZPHMR09","French Man",16.17925,-88.6364,"2018",2.5,NA,NA,NA,NA,NA,6240,9291,12,33,105,298,0,0,10036,12715,16393,3716,10078,8637,10603,12353
"BZPHMR10","Wilson",16.22111,-88.58796,"2018",3.3,NA,NA,NA,NA,NA,3192,6867,0,0,70,199,0,0,4089,8544,7351,208,576,16914,19396,17122
"BZSCMR","Preservation Zone",16.1506,-88.2429,"2023",NA,"Barrier",12,6.244998,8,2.645751,330.51567763304,991.54703289913,506.67040396732,1492.2260640022,17.154836391833,12.1303011428109,0,0,81.866148474861,127.62363746536,936.207066467054,1076.6255658593,2630.2738268982,8687.7452609684,8893.5733148356,9764.3708268277
"CB_BR","CB_BR",17.15853,-87.91023,"2018",2.1,NA,NA,NA,NA,NA,1027,437,73,171,0,0,0,0,1678,1048,2778,405,234,2471,3046,2876
"CB_DFR","CB_DFR",17.14891,-87.90773,"2018",10.7,NA,NA,NA,NA,NA,478,669,0,0,35,99,0,0,447,442,960,916,993,2925,1410,3841
"CB_SFR","CB_SFR",17.15698,-87.90921,"2018",7.6,NA,NA,NA,NA,NA,222,262,357,674,8,22,0,0,427,373,1014,434,165,1204,1132,1638
"CBDFR","CBDFR",17.157,-87.9079,"2023",NA,"Atoll",20.666667,6.896054,23.583333,7.865625,2500.5597288679,2242.1368712499,0,0,1669.1867908501,926.405035749235,0,0,115.54774610795,170.84294269337,4285.29426582595,169.81864589973,154.74376664267,802.93418910701,760.66938143736,972.75283500674
"CC01","Corona Caiman",15.95446,-88.28024,"2021",10.9,NA,59.83,13.64,9.67,4.68,NA,NA,NA,NA,NA,NA,NA,NA,NA,NA,NA,NA,NA,NA,NA,NA
"CC01","Corona Caiman",15.95446,-88.28024,"2021",14,NA,NA,NA,NA,NA,32,102,14,21,39,100,0,0,23,65,108,230,305,533,416,763
"CC01","Corona Caiman",15.9545,-88.2802,"2023",NA,"Bank",50.333333,13.682917,11.666667,6.944222,35.134036296788,105.27952982083,46.928972980129,115.53764888939,19.548160972753,13.8226371835599,0,0,236.43719622837,474.05947787405,338.04836647804,148.16764432858,241.27198218564,673.26006396363,690.53544988177,821.42770829221
"CC02","Corona Caiman sensor temp",15.9695,-88.2985,"2023",NA,"Bank",24.666667,10.79609,28,11.135529,116.60240694637,320.38447680713,28.014701135656,54.636702460541,25.732254587749,18.195451714216,0,0,47.521242000414,111.49076330803,217.870604670189,245.59046224219,338.30609610525,525.83413650897,633.74338107511,771.42459875116
"CC02","Corona Caiman sensor temp",15.96953,-88.29851,"2021",14.8,NA,31.33,7.76,38.42,7.86,NA,NA,NA,NA,NA,NA,NA,NA,NA,NA,NA,NA,NA,NA,NA,NA
"CC02","Corona Caiman sensor temp",15.96953,-88.29851,"2021",16.1,NA,NA,NA,NA,NA,16,53,285,944,16,29,13,44,12,31,342,362,260,491,415,853
"CCSC","Caye Caulker Southern Channel",17.7256,-88.0109,"2023",NA,"Barrier",11.666667,5.647025,16.166667,3.531603,307.24890931938,415.69992075104,80.523269591822,115.32320988521,265.0374789114,187.409798606838,0,0,2241.0709333068,2764.0972280431,2893.8805911294,491.93958993441,344.91264781667,5295.996460732,4719.4956916559,5787.93605066641
"Control","Control",18.06742,-87.86975,"2018",15.4,NA,NA,NA,NA,NA,159,331,12,33,40,75,0,0,191,210,402,373,475,860,1621,1233
"Coral Lane","Coral Lane",17.3072,-88.0538,"2023",NA,"Barrier",27.333333,10.624918,1,1.154701,442.0754742368,875.04595809659,8.137573390671,24.412720172013,0,0,225.97930991314,677.93792973942,1467.231918825,788.07302799722,2143.42427636561,786.36234137871,1349.9618859613,2956.1000726572,2067.7017422257,3742.46241403591
"CZ2_DFR","Cockroach Zone",17.51,-87.7492,"2023",NA,"Atoll",7.833333,2.67187,9.333333,5.734884,277.31513477673,516.1348537595,211.19342820191,354.38222923968,233.31972442795,164.98195932758,0,0,334.29989980658,641.29050192753,1056.12818721317,458.08172443657,322.88128785482,2053.2205115654,2300.1328257481,2511.30223600197
"CZ2_DFR","CZ2_DFR",17.51001,-87.74921,"2018",10.7,NA,NA,NA,NA,NA,0,0,53,104,0,0,18,52,150,144,221,446,295,1302,1276,1748
"CZ2_SFR","CZ2_SFR",17.51015,-87.74994,"2018",8.6,NA,NA,NA,NA,NA,566,728,0,0,16,45,0,0,472,536,1054,860,647,2451,2874,3311
"CZFR2","CZFR2",16.7369,-87.8077,"2023",NA,"Atoll",23.166667,12.428685,27.583333,8.852573,100.32221409338,300.96664228015,48.038776099788,115.13413671164,166.17039293342,117.500211675654,0,0,304.04547134987,558.95341734866,618.576854476458,452.01231308774,287.79186859657,3629.8766810973,1787.9502708556,4081.88899418504
"CZFR2",NA,16.73689,-87.80771,"2018",13.4,NA,23.83,9.11,16,6.2,NA,NA,NA,NA,NA,NA,NA,NA,NA,NA,NA,NA,NA,NA,NA,NA
"CZFR2",NA,16.73689,-87.80771,"2018",14.7,NA,NA,NA,NA,NA,507,588,120,374,46,119,0,0,194,225,867,0,0,716,512,716
"CZPR4",NA,16.76369,-87.80431,"2018",1.3,NA,25.17,9.89,9.83,4.58,NA,NA,NA,NA,NA,NA,NA,NA,NA,NA,NA,NA,NA,NA,NA,NA
"CZPR4",NA,16.76369,-87.80431,"2018",1.5,NA,NA,NA,NA,NA,10,30,0,0,0,0,0,0,72,121,82,3,9,12,40,15
"FIDO","Fido's Secret Wall",18.17344,-87.82841,"2018",11.4,NA,NA,NA,NA,NA,297,386,67,135,638,2003,117,370,916,906,2035,206,308,2638,3301,2844
"Goff's Caye","Goff's Caye",17.3521,-88.0385,"2023",NA,"Barrier",33.5,11.800424,6,7.83156,41.22355289483,123.67065868449,93.857945960258,149.30920806111,68.619345567331,48.5212045712428,0,0,321.80327185862,211.3674444117,525.504116281039,562.30090980277,690.07802270041,2599.8956204319,1376.6131262256,3162.19653023467
"GSMBRS1","Gladden Spit",16.45231,-88.04171,"2021",3,NA,35,8.22,10,3.29,NA,NA,NA,NA,NA,NA,NA,NA,NA,NA,NA,NA,NA,NA,NA,NA
"GSMBRS1","Gladden Spit",16.45231,-88.04171,"2021",3.2,NA,NA,NA,NA,NA,123,214,118,374,2,6,0,0,95,161,338,603,1351,570,334,1173
"HolChan","Hol Chan",17.85897,-87.97327,"2021",13.8,NA,NA,NA,NA,NA,86,209,583,1843,0,0,0,0,13,24,682,76,130,564,742,640
"HolChan","Hol Chan",17.85897,-87.97327,"2021",15.4,NA,22.83,2.64,42.67,11.08,NA,NA,NA,NA,NA,NA,NA,NA,NA,NA,NA,NA,NA,NA,NA,NA
"LAST","Last Resort",18.16356,-87.83042,"2018",4.4,NA,NA,NA,NA,NA,445,710,0,0,0,0,0,0,540,362,985,143,169,380,327,523
"LBCMBRS1","Laughing Bird 1",16.42794,-88.20604,"2021",6.7,NA,9.33,3.56,9.67,4.59,NA,NA,NA,NA,NA,NA,NA,NA,NA,NA,NA,NA,NA,NA,NA,NA
"LBCMBRS1","Laughing Bird 1",16.42794,-88.20604,"2021",6.8,NA,NA,NA,NA,NA,345,388,154,296,0,0,0,0,86,126,585,31,64,999,627,1030
"LBCMBRS1","Laughing Bird Caye 1",16.4279,-88.206,"2023",NA,"Lagoonal",6.833333,3.484091,13.583333,9.497441,145.75483929697,306.67699426413,85.459371807334,171.94736740592,0,0,0,0,240.7327029171,443.41155609678,471.946914021404,182.47439744415,299.0685497803,2649.9054925186,2071.0479126851,2832.37988996275
"LBCMBRS2","Laughing Bird 2",16.44383,-88.19778,"2021",1.5,NA,7.67,6.11,26.67,12.74,NA,NA,NA,NA,NA,NA,NA,NA,NA,NA,NA,NA,NA,NA,NA,NA
"LBCMBRS2","Laughing Bird 2",16.44383,-88.19778,"2021",2.3,NA,NA,NA,NA,NA,1052,2753,0,0,6,20,117,370,508,1007,1683,37,74,826,1187,863
"LBCMBRS2","Laughing Bird Caye 2",16.4438,-88.1978,"2023",NA,"Lagoonal",7.333333,6.968182,8.416667,2.387758,98.282663885509,136.10652026294,0,0,186.26944567699,131.712388166059,0,0,1386.6293824404,863.70415165384,1671.1814920029,151.83988328075,170.69941914844,5612.7200863565,7730.1278192057,5764.55996963725
"MP_DFR","Mauger Point",17.6211,-87.7889,"2023",NA,"Atoll",13.666667,3.72678,14.916667,5.790917,2023.2651383204,1469.8568300446,161.40882860837,180.1610860704,9.5304646621292,6.73905619045032,0,0,213.27177014496,300.89636899733,2407.47620173586,614.34713846131,745.95707562139,3663.6866934502,2629.1339197194,4278.03383191151
"MP_DFR","MP_DFR",17.62305,-87.79146,"2018",10.7,NA,NA,NA,NA,NA,285,259,188,450,9,24,0,0,190,254,672,210,143,1492,1848,1702
"MP_SFR","Mauger Point",17.6205,-87.7884,"2023",NA,"Atoll",26.666667,3.681787,23.75,7.537407,2400.3684710049,2219.8392512633,181.69534958715,336.01353230777,1.9559313024611,1.38305228750528,147.44054384412,417.02483349603,303.59227264251,516.627205179,3035.05256838114,811.65727028819,536.86016112267,4362.536196243,2129.6468652681,5174.19346653119
"MP_SFR","MP_SFR",17.62194,-87.78979,"2018",7.6,NA,NA,NA,NA,NA,197,310,2,4,9,22,0,0,112,71,320,375,207,1803,1239,2178
"MXRCK","Mexico Rocks",17.99067,-87.90297,"2021",13.5,NA,NA,NA,NA,NA,11,34,0,0,32,100,0,0,137,309,180,136,170,337,616,473
"MXRCK","Mexico Rocks",17.99067,-87.90297,"2021",14.1,NA,20.17,3.54,29.17,15.32,NA,NA,NA,NA,NA,NA,NA,NA,NA,NA,NA,NA,NA,NA,NA,NA
"MXRCK","Mexico Rocks",17.9907,-87.903,"2023",NA,"Barrier",9.166667,2.910708,40.416667,10.802842,8.0037866138235,24.011359841471,0,0,107.5476281488,76.0476571645457,0,0,33.475218799487,61.926421792403,149.026633562111,563.8770903273,505.59159404498,682.85473971284,678.77332984227,1246.73183004014
"Nicholas Caye","Nicholas Caye",16.1123,-88.256,"2023",NA,"Barrier",21,10.954451,16.166667,6.309164,4316.589357989,6983.2650328067,12.837786631561,24.286173659106,17.154836391833,12.1303011428109,0,0,537.3777702551,675.82175102729,4883.95975126749,708.57512069086,656.04987319699,2133.2382972361,1167.8042384767,2841.81341792696
"PALM","Palm Spring",18.06523,-87.87831,"2018",1.8,NA,NA,NA,NA,NA,146,267,0,0,0,0,0,0,59,72,205,420,359,214,242,634
"PHMR 01","Bank 3",16.15347,-88.59154,"2021",8,NA,NA,NA,NA,NA,21,38,0,0,25,80,0,0,33,69,79,6,12,460,651,466
"PHMR 01","Bank 3",16.15347,-88.59154,"2021",8.4,NA,3.17,2.64,25,7.18,NA,NA,NA,NA,NA,NA,NA,NA,NA,NA,NA,NA,NA,NA,NA,NA
"PHMR 02","Frenchman",16.17925,-88.63641,"2021",3.6,NA,NA,NA,NA,NA,19,41,20,42,13,40,0,0,342,816,394,1,3,661,566,662
"PHMR 02","Frenchman",16.17925,-88.63641,"2021",4.3,NA,16.5,11.64,9.58,6.62,NA,NA,NA,NA,NA,NA,NA,NA,NA,NA,NA,NA,NA,NA,NA,NA
"PHMR 03","Daly Bank",16.33055,-88.34744,"2021",8.2,NA,NA,NA,NA,NA,22,47,59,67,0,0,0,0,20,37,101,24,43,588,1101,612
"PHMR 03","Daly Bank",16.33055,-88.34744,"2021",9.3,NA,11,3.69,7.58,2.01,NA,NA,NA,NA,NA,NA,NA,NA,NA,NA,NA,NA,NA,NA,NA,NA
"PHMR 04","Spanish Bank",16.15952,-88.41018,"2021",8.7,NA,9.67,1.37,10.17,3.71,NA,NA,NA,NA,NA,NA,NA,NA,NA,NA,NA,NA,NA,NA,NA,NA
"PHMR 04","Spanish Bank",16.15952,-88.41018,"2021",8.8,NA,NA,NA,NA,NA,30,70,33,46,843,2665,0,0,116,176,1022,0,0,859,731,859
"PHMR 05","East Snake Caye",16.20594,-88.50809,"2021",4.1,NA,NA,NA,NA,NA,66,147,44,138,133,421,0,0,160,180,403,600,1346,320,313,920
"PHMR 05","East Snake Caye",16.20594,-88.50809,"2021",4.9,NA,16.33,9.11,9.83,4.31,NA,NA,NA,NA,NA,NA,NA,NA,NA,NA,NA,NA,NA,NA,NA,NA
"PHMR 06","Middle Snake Caye",16.20153,-88.55112,"2021",2.8,NA,NA,NA,NA,NA,181,230,0,0,13,40,990,3132,251,209,1435,400,723,423,281,823
"PHMR 06","Middle Snake Caye",16.20153,-88.55112,"2021",3.1,NA,15.33,4.41,10.17,3.54,NA,NA,NA,NA,NA,NA,NA,NA,NA,NA,NA,NA,NA,NA,NA,NA
"PHMR 07","West Snake Caye",16.18875,-88.56981,"2021",3.3,NA,18,7.85,8.17,7.25,NA,NA,NA,NA,NA,NA,NA,NA,NA,NA,NA,NA,NA,NA,NA,NA
"PHMR 07","West Snake Caye",16.18875,-88.56981,"2021",4.1,NA,NA,NA,NA,NA,255,661,9,30,0,0,0,0,209,252,473,88,147,445,434,533
"PHMR 08","South Snake Caye",16.17914,-88.56445,"2021",2.2,NA,11.83,3.66,5.42,1.96,NA,NA,NA,NA,NA,NA,NA,NA,NA,NA,NA,NA,NA,NA,NA,NA
"PHMR 08","South Snake Caye",16.17914,-88.56445,"2021",2.3,NA,NA,NA,NA,NA,117,298,0,0,0,0,0,0,282,384,399,18,57,227,222,245
"PHMR 09","Wilson Caye",16.22111,-88.58796,"2021",1.5,NA,NA,NA,NA,NA,44,107,0,0,0,0,0,0,172,250,216,0,0,477,524,477
"PHMR 09","Wilson Caye",16.22111,-88.58796,"2021",2.6,NA,9.67,10.67,15.67,5.13,NA,NA,NA,NA,NA,NA,NA,NA,NA,NA,NA,NA,NA,NA,NA,NA
"PHMR 10","BANK 2",16.17936,-88.55684,"2021",3,NA,10.17,6.27,4.17,4.36,NA,NA,NA,NA,NA,NA,NA,NA,NA,NA,NA,NA,NA,NA,NA,NA
"PHMR 10","BANK 2",16.17936,-88.55684,"2021",3.9,NA,NA,NA,NA,NA,351,574,44,138,0,0,0,0,625,968,1020,248,746,702,435,950
"Pig Sty","Pig Sty",18.18163,-87.82744,"2018",11.3,NA,NA,NA,NA,NA,560,666,109,183,145,456,0,0,352,366,1166,575,436,602,580,1177
"R01","LHRA",17.4735,-87.4864,"2023",NA,"Atoll",5.25,4.085034,36.5,10.535654,0,0,883.4941799043,2244.4503918188,8.5774181959163,6.0651505714053,354.44863557565,1063.345906727,120.05165168439,113.5625906432,1366.57188536026,501.52232807443,689.59524183342,681.02289673741,549.4470161272,1182.54522481184
"R02","LHRA",17.4719,-87.4873,"2023",NA,"Atoll",4,3.570714,34,17.242752,33.473632943671,55.893500611669,16.797148305847,33.594296611693,0,0,67.389327550159,202.16798265048,95.56845736842,110.52863850444,213.228566168097,371.63261531499,423.0504151491,2316.4993459644,2516.9475698366,2688.13196127939
"R03","LHRA",17.4618,-87.4986,"2023",NA,"Atoll",8,5.049752,20.25,9.36416,58.203450448062,122.66929564182,17.906951425506,33.202088433285,0,0,0,0,116.68102575201,244.51183314369,192.791427625578,4639.8515055962,10409.112909735,7556.6208699043,15251.764068879,12196.4723755005
"R04","LHRA",17.4459,-87.5283,"2023",NA,"Atoll",9.75,4.115519,28.6875,6.9684,56.696370576853,112.47936823797,166.2875928135,325.99684151762,102.67797569784,72.6042928944502,132.6964894597,398.08946837911,348.01576447767,560.48967657373,806.374193025563,215.23097942402,192.64974618297,1831.8267405944,970.17099474861,2047.05772001842
"R05","LHRA",17.4432,-87.5293,"2023",NA,"Atoll",15.5,5.074446,19.3125,9.079295,280.68742569364,334.45922335096,10.681351287563,24.924443409592,17.154836391833,12.1303011428109,1004.3082814867,3012.9248444602,226.04839489771,174.79566179958,1538.88028975745,170.73805678522,224.04585155435,1615.5911312361,1425.6166411251,1786.32918802132
"R06","LHRA",17.3923,-87.4624,"2023",NA,"Atoll",8,4.555217,15.0625,8.726531,824.86831132449,1407.723906006,9.5083772725828,28.525131817748,19.59277923113,13.854187056623,0,0,150.28489604614,251.0658252618,1004.25436387434,164.96622973575,194.61531334781,564.34279964258,407.66334754061,729.30902937833
"R07","LHRA",17.3936,-87.4635,"2023",NA,"Atoll",17.25,10.859903,1,1.322876,94.259110225447,133.69995500023,0,0,0,0,0,0,55.754992360421,64.45187157177,150.014102585868,309.90338412806,311.58195114841,230.20645658025,445.35774631346,540.10984070831
"R08","LHRA",17.3837,-87.5184,"2023",NA,"Atoll",3.875,3.550968,65.8125,17.360043,499.2809343926,810.28442606694,0,0,54.40872552723,38.4727787760219,0,0,1332.7876516712,1255.8746415164,1886.47731159103,84.603346302451,120.10433808354,44.454733613028,58.967126966602,129.058079915479
"R10 DFR","LHRA",17.3097,-87.5836,"2023",NA,"Atoll",16.75,6.703544,15.5,6.264982,620.22753434937,1414.7413669783,669.96427285376,1147.9703890637,211.84772480381,149.798962787716,0,0,1615.3737807014,4089.9820385871,3117.41331270834,198.07551725591,173.29625307779,531.4247153233,439.73659086557,729.50023257921
"R10 DFR","R10 DFR",17.3097,-87.58365,"2021",2.2,NA,15.83,10.25,2.17,2.93,NA,NA,NA,NA,NA,NA,NA,NA,NA,NA,NA,NA,NA,NA,NA,NA
"R10 DFR","R10 DFR",17.3097,-87.58365,"2021",3.6,NA,NA,NA,NA,NA,233,192,14,36,19,60,0,0,102,91,368,960,1303,1151,1061,2111
"R11 SFR","LHRA",17.2574,-87.572,"2023",NA,"Atoll",11.5,4.527693,7.5,3.427827,37.428838589763,112.28651576929,16.797148305847,33.594296611693,18.57094613881,13.1316419478027,0,0,28.977612133914,39.74228658947,101.774545168334,199.8014332966,475.74682462075,127.77493097768,148.50117260477,327.57636427428
"R11 SFR","R11 SFR",17.25742,-87.57198,"2021",4.8,NA,17,3.74,7.17,4.17,NA,NA,NA,NA,NA,NA,NA,NA,NA,NA,NA,NA,NA,NA,NA,NA
"R11 SFR","R11 SFR",17.25742,-87.57198,"2021",10.6,NA,NA,NA,NA,NA,264,404,2,8,150,287,0,0,120,130,536,216,228,430,315,646
"R12","LHRA",17.2243,-87.6046,"2023",NA,"Atoll",10.75,5.30919,5.5,3.570714,69.524925184765,208.57477555429,17.625780242009,32.691992137862,0,0,0,0,45.898321188115,84.731491319409,133.049026614889,133.94157632169,120.5889596981,346.05407097774,356.56818304513,479.99564729943
"R13 SFR","LHRA",17.226,-87.6015,"2023",NA,"Atoll",20.571429,6.52155,25.428571,3.499271,42.639492203985,74.113641174302,35.813902851012,76.290469007404,17.154836391833,12.1303011428109,0,0,55.765410376717,66.833972709074,151.373641823547,108.32621859255,158.90406691747,284.11158911849,182.60339812642,392.43780771104
"R13 SFR","R13 SFR",17.22598,-87.60154,"2021",7.6,NA,12.83,6.55,40.25,1.57,NA,NA,NA,NA,NA,NA,NA,NA,NA,NA,NA,NA,NA,NA,NA,NA
"R13 SFR","R13 SFR",17.22598,-87.60154,"2021",8.4,NA,NA,NA,NA,NA,185,257,200,371,106,194,0,0,34,83,525,141,153,690,647,831
"R14","LHRA",17.2237,-87.5638,"2023",NA,"Atoll",12.5,5.123475,28.0625,13.354394,5674.2694722833,7075.1321240578,142.16011682378,159.45756481034,255.79543485533,180.874686582766,151.27300800518,395.7915241779,4646.0255235038,5617.3886865127,10869.5235554714,15.578878295259,20.821765949659,1097.8282496628,1248.4540306801,1113.40712795806
"R15 DFR","LHRA",17.2032,-87.5422,"2023",NA,"Atoll",13.875,7.606535,26.4375,10.372552,3315.9324355478,6150.2177079513,13835.733968849,30529.191975323,147.99781892381,104.650261361845,1092.7865457214,2348.1023431035,258.27882994101,347.39016646184,18650.729598983,96.232356644951,148.31214167236,1070.2670528882,1302.6566094276,1166.49940953315
"R15 DFR","R15 DFR",17.20323,-87.54223,"2021",10.7,NA,15.33,6.31,30.67,4.46,NA,NA,NA,NA,NA,NA,NA,NA,NA,NA,NA,NA,NA,NA,NA,NA
"R15 DFR","R15 DFR",17.20323,-87.54223,"2021",11,NA,NA,NA,NA,NA,378,458,162,384,160,501,158,378,51,68,909,130,96,2831,4199,2961
"R16 DFR","LHRA",17.2032,-87.5249,"2023",NA,"Atoll",5.75,5.606915,11,8.019507,264.15348552604,764.57973333,986.64899597586,1881.5084179396,0,0,0,0,11.950044832571,25.387030400445,1262.75252633447,172.9536212809,226.71596961779,243.09291320938,373.0042938346,416.04653449028
"R16 DFR","R16 DFR",17.20319,-87.52493,"2021",10.7,NA,2.67,1.86,23.17,1.57,NA,NA,NA,NA,NA,NA,NA,NA,NA,NA,NA,NA,NA,NA,NA,NA
"R16 DFR","R16 DFR",17.20319,-87.52493,"2021",13.6,NA,NA,NA,NA,NA,0,0,0,0,0,0,410,865,39,61,449,328,345,1314,1225,1642
"R17 SFR","LHRA",17.2034,-87.5281,"2023",NA,"Atoll",5.375,4.662014,0.75,1.089725,92.449822980686,277.34946894206,0,0,0,0,48.812809004687,146.43842701406,28.460145902858,36.239057457411,169.722777888231,326.56015000629,355.15254063471,580.45623368545,839.80485368356,907.01638369174
"R17 SFR","R17 SFR",17.20341,-87.52811,"2021",4.8,NA,5.83,4.4,0,0,NA,NA,NA,NA,NA,NA,NA,NA,NA,NA,NA,NA,NA,NA,NA,NA
"R17 SFR","R17 SFR",17.20341,-87.52811,"2021",5.3,NA,NA,NA,NA,NA,193,611,118,374,6,20,0,0,2,4,319,100,100,814,727,914
"R18 BR","LHRA",17.1862,-87.6121,"2023",NA,"Atoll",23.25,8.332917,7.375,6.32332,62.749633938263,109.0155071978,16.797148305847,33.594296611693,74.507778270795,52.6849552664228,53.154266373168,145.56788696836,497.46398938006,499.10130888714,704.672816268133,599.23962330877,972.80562137871,590.50964557884,447.50644695989,1189.74926888761
"R18 BR","R18 BR",17.18617,-87.61214,"2021",1.8,NA,17.33,4.41,13.5,3.82,112,121,11,34,0,0,0,0,60,88,183,153,133,662,723,815
"R19","LHRA",17.1242,-87.6208,"2023",NA,"Atoll",5.285714,4.164966,48.928571,7.408627,0,0,549.31281894117,1152.2897148184,0,0,0,0,90.631970246636,116.22584870071,639.944789187806,155.76491798687,240.9609832974,338.70695748201,482.03270041495,494.47187546888
"R2 SFR","R2 SFR",17.47189,-87.48732,"2021",4.3,NA,NA,NA,NA,NA,42,78,40,56,0,0,0,0,83,65,165,120,102,511,575,631
"R2 SFR","R2 SFR",17.47189,-87.48732,"2021",4.6,NA,4.67,3.56,22.83,12.25,NA,NA,NA,NA,NA,NA,NA,NA,NA,NA,NA,NA,NA,NA,NA,NA
"R20 SFR","LHRA",17.131,-87.6064,"2023",NA,"Atoll",11.5,9.041571,5.5,3.418699,42.128707721639,77.404025212916,0,0,0,0,0,0,790.73699177886,1799.6155584668,832.865699500499,222.85280432661,307.05156773077,728.11015197049,636.98055069733,950.9629562971
"R20 SFR","R20 SFR",17.13101,-87.60639,"2021",6.1,NA,NA,NA,NA,NA,250,397,1,4,4,8,0,0,120,184,375,306,320,429,428,735
"R20 SFR","R20 SFR",17.13101,-87.60639,"2021",6.2,NA,10.83,6.43,7.67,4.13,NA,NA,NA,NA,NA,NA,NA,NA,NA,NA,NA,NA,NA,NA,NA,NA
"R21 BR","LHRA",17.1352,-87.6206,"2023",NA,"Atoll",6.25,4.575751,35.875,9.05107,1.1374503269365,3.4123509808096,0,0,42.887090979582,30.3257528570268,0,0,138.46347559431,269.66102794121,182.488016900829,814.59532436552,1993.6870644377,377.81028869218,247.15724156571,1192.4056130577
"R21 BR","R21 BR",17.13524,-87.62064,"2021",1.7,NA,6.5,2.51,34.25,10.28,NA,NA,NA,NA,NA,NA,NA,NA,NA,NA,NA,NA,NA,NA,NA,NA
"R21 BR","R21 BR",17.13524,-87.62064,"2021",2.4,NA,NA,NA,NA,NA,284,370,0,0,0,0,0,0,178,161,462,487,571,633,720,1120
"R22","LHRA",17.4381,-87.534,"2023",NA,"Atoll",3.875,2.315032,4.875,5.754075,0,0,8.3985741529233,25.19572245877,0,0,0,0,152.9392084753,169.99399120999,161.337782628223,302.47749693653,289.43313206437,650.76980517261,737.94509114416,953.24730210914
"R23","LHRA",17.2066,-87.5307,"2023",NA,"Atoll",9.125,6.173279,8.75,3.112475,1550.2481017054,2463.6832400667,0,0,80.140980114979,56.6682304902379,323.60492792251,970.81478376754,1775.7997284694,3258.5533434533,3729.79373821229,273.39336554968,426.67733977168,633.84629833714,932.25351010977,907.23966388682
"R24","LHRA",17.3147,-87.5345,"2023",NA,"Atoll",14,5.315073,32.75,7.416198,1352.8523972856,2326.7432177808,0,0,74.00150475836,52.3269658326449,0,0,1594.869289905,2997.6713452533,3021.72319194896,190.52284669962,330.74315212675,1782.0219797628,667.76740530037,1972.54482646242
"R4 DFR","R4 DFR",17.44595,-87.52826,"2021",9.8,NA,9.33,3.5,37.25,4.33,NA,NA,NA,NA,NA,NA,NA,NA,NA,NA,NA,NA,NA,NA,NA,NA
"R4 DFR","R4 DFR",17.44595,-87.52826,"2021",10.4,NA,NA,NA,NA,NA,729,1203,11,36,6,20,0,0,359,269,1105,295,238,760,722,1055
"R6 DFR","R6 DFR",17.39226,-87.46236,"2021",10.7,NA,14.33,4.03,11.33,6.32,NA,NA,NA,NA,NA,NA,NA,NA,NA,NA,NA,NA,NA,NA,NA,NA
"R6 DFR","R6 DFR",17.39226,-87.46236,"2021",11.2,NA,NA,NA,NA,NA,121,171,118,374,0,0,163,285,192,164,594,171,181,793,831,964
"R7 SFR","R7 SFR",17.39364,-87.46348,"2021",6.2,NA,17.67,9.18,12.67,5.85,NA,NA,NA,NA,NA,NA,NA,NA,NA,NA,NA,NA,NA,NA,NA,NA
"R7 SFR","R7 SFR",17.39364,-87.46348,"2021",6.3,NA,NA,NA,NA,NA,104,221,36,115,0,0,0,0,59,82,199,181,233,614,1457,795
"R9 BR","LHRA",17.3165,-87.5302,"2023",NA,"Atoll",10.375,3.603384,18.4375,9.298647,10.883817460111,29.058512916247,90.689826387153,146.46313598052,154.55952186902,109.290086010535,0,0,1502.4708659834,1245.696314511,1758.60403169968,351.03336780103,572.58205432358,3645.784141157,2236.2639165802,3996.81750895803
"R9 BR","R9 BR",17.31648,-87.53019,"2021",2.2,NA,6.5,2.81,17.67,6.56,NA,NA,NA,NA,NA,NA,NA,NA,NA,NA,NA,NA,NA,NA,NA,NA
"R9 BR","R9 BR",17.31648,-87.53019,"2021",4.2,NA,NA,NA,NA,NA,498,442,0,0,0,0,0,0,1535,2562,2033,704,1686,3728,3922,4432
"Rainbow","Rainbow Reef",18.08934,-87.86808,"2018",1,NA,NA,NA,NA,NA,56,59,19,40,13,27,0,0,71,83,159,322,219,576,377,898
"RPN","Rocky Point North",18.11949,-87.82177,"2018",12.7,NA,NA,NA,NA,NA,0,0,2,8,56,178,0,0,209,172,267,415,598,577,664,992
"SP_DFR","Soldier Point",17.3341,-87.7871,"2023",NA,"Atoll",13.416667,5.80529,23.75,5.505679,72.999567651075,119.98355566149,18.408592212505,34.36055265353,2.7088253769968,1.91542879312464,0,0,21.601108366564,33.387187003392,115.718093607141,234.64399422942,405.21057913456,713.51252802824,906.69468045601,948.15652225766
"SP_DFR","SP_DFR",17.33406,-87.78709,"2018",10.7,NA,NA,NA,NA,NA,281,343,12,33,0,0,0,0,258,406,551,157,214,1217,1153,1374
"SP_SFR","SP_SFR",17.33352,-87.78812,"2018",7.6,NA,NA,NA,NA,NA,322,511,66,187,27,38,0,0,204,266,619,841,561,1252,1455,2093
"SWCCZFR1","SWCCZFR1",16.88466,-88.06055,"2021",13.6,NA,NA,NA,NA,NA,205,291,22,44,127,379,0,0,85,80,439,720,1627,534,508,1254
"SWCCZFR1","SWCCZFR1",16.88466,-88.06055,"2021",15.4,NA,27.17,5.81,48,7.13,NA,NA,NA,NA,NA,NA,NA,NA,NA,NA,NA,NA,NA,NA,NA,NA
"SWCCZFR1","SWCCZFR1",16.8847,-88.0606,"2023",NA,"Barrier",22.666667,9.049248,21.5,5.619905,192.07490780851,419.6944106433,59.427797113118,108.33426086805,88.718398310896,62.7333810616437,0,0,303.12661599436,239.03258642782,643.347719226884,370.99744412052,439.66938530995,1231.4742211555,921.03762894923,1602.47166527602
"SWCCZFR1","SWCCZFR1",16.88471,-88.0567,"2018",15.5,NA,NA,NA,NA,NA,58,165,248,330,255,615,0,0,205,210,766,552,255,1998,1291,2550
"SWCCZFR2","SWCCZFR2",16.8679,-88.0649,"2023",NA,"Barrier",13.666667,8.013877,33.333333,7.272475,0,0,113.52703421523,162.97272407854,372.53889135398,263.424776332118,0,0,181.70795532281,162.76167790464,667.77388089202,305.92540493702,252.33072941019,761.85905065641,611.02576375184,1067.78445559343
"SWCCZFR2","SWCCZFR2",16.86792,-88.06493,"2021",15.1,NA,NA,NA,NA,NA,235,341,121,229,25,61,0,0,97,61,478,181,153,767,734,948
"SWCCZFR2","SWCCZFR2",16.86792,-88.06493,"2021",15.5,NA,24.33,9.95,41.5,12.05,NA,NA,NA,NA,NA,NA,NA,NA,NA,NA,NA,NA,NA,NA,NA,NA
"SWCCZFR2","SWCCZFR2",16.86805,-88.06128,"2018",15.8,NA,NA,NA,NA,NA,300,269,0,0,16,29,0,0,260,316,576,387,313,1811,1567,2198
"SWCCZFR3","SWCCZFR3",16.84966,-88.06495,"2018",15.5,NA,NA,NA,NA,NA,1495,1294,35,49,142,376,0,0,260,288,1932,257,156,3336,2147,3593
"SWCCZFR3","SWCCZFR3",16.8499,-88.0709,"2023",NA,"Barrier",22.333333,11.642833,28.333333,4.307616,185.58437206319,169.8205305932,186.50053201154,228.29652931827,284.4762826816,201.155108570901,451.95861982628,1355.8758594788,401.90192498685,521.90554832395,1510.42173156946,208.46396286539,162.90193306651,1241.2043630154,702.0634873837,1449.66832588079
"SWCCZFR3","SWCCZFR3",16.84992,-88.07088,"2021",11.5,NA,NA,NA,NA,NA,1354,3145,203,328,29,51,0,0,372,504,1958,215,285,1988,2075,2203
"SWCCZFR3","SWCCZFR3",16.84992,-88.07088,"2021",13.7,NA,45.83,10.98,31.17,9.62,NA,NA,NA,NA,NA,NA,NA,NA,NA,NA,NA,NA,NA,NA,NA,NA
"SWCCZFR4","SWCCZFR4",16.83376,-88.06993,"2018",15.5,NA,NA,NA,NA,NA,240,322,296,323,0,0,0,0,141,176,677,139,135,1135,851,1274
"SWCCZFR4","SWCCZFR4",16.83489,-88.07456,"2021",11.4,NA,NA,NA,NA,NA,65,130,146,367,1,3,0,0,64,46,276,45,54,618,861,663
"SWCCZFR4","SWCCZFR4",16.83489,-88.07456,"2021",13.1,NA,25.83,4.36,38.17,6.31,NA,NA,NA,NA,NA,NA,NA,NA,NA,NA,NA,NA,NA,NA,NA,NA
"SWCCZFR4","SWCCZFR4",16.8349,-88.0746,"2023",NA,"Barrier",17.666667,4.027682,28.5,9.429563,532.04625442344,554.02643126793,38.530398827206,115.59119648162,48.269250170611,34.131514118429,523.46759071072,1570.4027721322,159.65730640509,139.87716201658,1301.97080053707,140.56772608612,94.02481280108,1579.2210670249,1061.297438823,1719.78879311102
"SWCCZFR5","SWCCZFR5",16.81828,-88.07736,"2021",12.3,NA,NA,NA,NA,NA,13,29,17,47,284,845,0,0,20,25,334,37,55,423,333,460
"SWCCZFR5","SWCCZFR5",16.81828,-88.07736,"2021",13.4,NA,25.67,5.57,39.5,14.43,NA,NA,NA,NA,NA,NA,NA,NA,NA,NA,NA,NA,NA,NA,NA,NA
"SWCCZFR5","SWCCZFR5",16.8183,-88.0774,"2023",NA,"Barrier",15.5,7.719024,29.5,10.340052,54.163641252743,63.635516241725,0,0,0,0,132.6964894597,398.08946837911,315.98267754139,346.74205902204,502.842808253833,233.54497658566,418.96798950507,625.23786211213,350.04147008798,858.78283869779
"SWCCZFR6","SWCCZFR6",16.8059,-88.07394,"2018",15.2,NA,NA,NA,NA,NA,250,437,199,360,0,0,0,0,278,342,727,389,229,2133,1662,2522
"SWCCZFR6","SWCCZFR6",16.8131,-88.07774,"2021",12.1,NA,NA,NA,NA,NA,206,160,12,35,115,280,0,0,337,362,670,800,1933,653,483,1453
"SWCCZFR6","SWCCZFR6",16.8131,-88.07774,"2021",16,NA,29.5,6.5,23.5,10.99,NA,NA,NA,NA,NA,NA,NA,NA,NA,NA,NA,NA,NA,NA,NA,NA
"SWCCZFR6","SWCCZFR6",16.8131,-88.0777,"2023",NA,"Barrier",14,7.164728,30.333333,8.299933,9.4442680190033,28.33280405701,9.2272060890859,27.681618267258,17.154836391833,12.1303011428109,0,0,89.038351539978,99.853685068203,124.8646620399,81.469382539396,85.634779616882,968.67990482957,512.65209829145,1050.14928736897
"SWCGUZFR1","SWCGUZFR1",16.91365,-88.04752,"2018",15.5,NA,NA,NA,NA,NA,689,528,24,44,0,0,0,0,306,209,1019,406,180,2135,1589,2541
"SWCGUZFR1","SWCGUZFR1",16.9142,-88.0499,"2023",NA,"Barrier",17.166667,10.83846,29,8.062258,684.49814909674,1101.408253789,200.13802347074,181.45670067131,0,0,0,0,600.79881751327,1176.6857577944,1485.43499008075,280.67014150425,188.51506124448,786.84272863455,410.61366187325,1067.5128701388
"SWCGUZFR1","SWCGUZFR1",16.91421,-88.04989,"2021",12.6,NA,11.33,7.51,40.67,12.58,NA,NA,NA,NA,NA,NA,NA,NA,NA,NA,NA,NA,NA,NA,NA,NA
"SWCGUZFR1","SWCGUZFR1",16.91421,-88.04989,"2021",12.8,NA,NA,NA,NA,NA,700,937,46,136,0,0,0,0,384,588,1130,162,251,354,381,516
"SWCGUZFR2","SWCGUZFR2",16.9036,-88.0542,"2023",NA,"Barrier",14.166667,9.42367,24.166667,7.581044,58.773822433853,102.72168152912,45.36170045062,136.08510135186,206.31159015186,145.88432443376,354.44863557565,1063.345906727,69.130129123359,60.282227613162,734.025877735342,275.1566859902,142.6019884775,826.67212754813,566.83268512122,1101.82881353833
"SWCGUZFR2","SWCGUZFR2",16.90361,-88.05419,"2021",14,NA,20.83,8.3,35.5,8.17,NA,NA,NA,NA,NA,NA,NA,NA,NA,NA,NA,NA,NA,NA,NA,NA
"SWCGUZFR2","SWCGUZFR2",16.90361,-88.05419,"2021",14.4,NA,NA,NA,NA,NA,440,632,82,130,13,40,0,0,120,93,655,101,87,1271,1679,1372
"SWCGUZFR2","SWCGUZFR2",16.90474,-88.05085,"2018",13.7,NA,NA,NA,NA,NA,492,437,262,540,118,223,51,144,284,652,1207,359,344,1771,1196,2130
"SWCGUZFR3","SWCGUZFR3",16.78895,-88.07572,"2021",13,NA,NA,NA,NA,NA,101,319,32,90,41,108,0,0,173,268,347,144,202,1770,2095,1914
"SWCGUZFR3","SWCGUZFR3",16.78895,-88.07572,"2021",14,NA,22.67,2.94,32.67,10.46,NA,NA,NA,NA,NA,NA,NA,NA,NA,NA,NA,NA,NA,NA,NA,NA
"SWCGUZFR3","SWCGUZFR3",16.789,-88.0757,"2023",NA,"Barrier",12.666667,6.823163,21.5,12.645816,204.04820920208,249.25103415728,3.3294093589786,7.1062072542705,0,0,48.812809004687,146.43842701406,170.47907941657,174.89303088601,426.669506982316,494.78431340355,892.07663461217,1138.1648212076,744.55488983359,1632.94913461115
"SWCGUZFR3","SWCGUZFR3",16.78907,-88.07335,"2018",14,NA,NA,NA,NA,NA,95,177,24,44,35,99,0,0,175,192,329,258,194,2111,1013,2369
"SWCGUZFR4","SWCGUZFR4",16.77758,-88.07501,"2021",14.4,NA,NA,NA,NA,NA,182,232,18,37,48,134,0,0,31,39,279,61,83,383,315,444
"SWCGUZFR4","SWCGUZFR4",16.77758,-88.07501,"2021",15.2,NA,10,6.26,38,20.24,NA,NA,NA,NA,NA,NA,NA,NA,NA,NA,NA,NA,NA,NA,NA,NA
"SWCGUZFR4","SWCGUZFR4",16.7776,-88.075,"2023",NA,"Barrier",17.166667,4.879094,19.833333,6.618577,515.54402168143,777.85413144504,36.963126297697,110.88937889309,17.154836391833,12.1303011428109,0,0,400.70655549765,463.6489333435,970.36853986861,188.02548969338,188.95703700554,849.28041917434,627.21744064026,1037.30590886772
"SWCGUZFR4","SWCGUZFR4",16.77826,-88.07259,"2018",14.9,NA,NA,NA,NA,NA,568,606,35,49,0,0,0,0,502,456,1105,487,181,1344,1098,1831
"SWCGUZFR5","SWCGUZFR5",16.76353,-88.07192,"2018",13.7,NA,NA,NA,NA,NA,876,857,90,183,16,45,0,0,340,349,1322,187,169,3355,1992,3542
"SWCGUZFR5","SWCGUZFR5",16.76858,-88.07501,"2021",10.3,NA,NA,NA,NA,NA,809,2428,44,66,1,3,0,0,33,56,887,45,44,940,1124,985
"SWCGUZFR5","SWCGUZFR5",16.76858,-88.07501,"2021",11.8,NA,38,5.66,35.5,7.18,NA,NA,NA,NA,NA,NA,NA,NA,NA,NA,NA,NA,NA,NA,NA,NA
"SWCGUZFR5","SWCGUZFR5",16.7686,-88.075,"2023",NA,"Barrier",13.166667,6.865777,22.833333,3.715583,252.33181372887,411.03968209098,0,0,47.050278750962,33.2695711615226,0,0,178.6161226314,133.79421642265,477.998215111232,194.72369288179,151.41238055876,358.92652798092,353.02811384929,553.65022086271
"SWCGUZFR6","SWCGUZFR6",16.75225,-88.07146,"2018",11.9,NA,NA,NA,NA,NA,476,594,12,33,0,0,51,144,202,152,741,350,223,4543,2143,4893
"SWCGUZFR6","SWCGUZFR6",16.76079,-88.07356,"2021",11.4,NA,NA,NA,NA,NA,1025,2426,9,8,83,257,0,0,65,62,1182,1793,5549,424,503,2217
"SWCGUZFR6","SWCGUZFR6",16.76079,-88.07356,"2021",13.1,NA,27.67,6.35,22,10.08,NA,NA,NA,NA,NA,NA,NA,NA,NA,NA,NA,NA,NA,NA,NA,NA
"SWCGUZFR6","SWCGUZFR6",16.7608,-88.0736,"2023",NA,"Barrier",16.5,8.902247,18,5.802298,40.018933069118,73.791266512832,9.2473765103305,24.269397689391,9.7963896155649,6.92709352831142,225.97930991314,677.93792973942,185.72465208746,179.92177183686,470.766661195613,121.07147043594,125.9831461097,297.69123183701,216.86632446434,418.76270227295
"Tarpon","Tarpon Patch",18.17413,-87.83186,"2018",1,NA,NA,NA,NA,NA,141,228,0,0,20,42,0,0,242,240,403,153,260,112,228,265
"The Anchor","The Anchor",18.0974,-87.85613,"2018",12.9,NA,NA,NA,NA,NA,214,280,9,30,13,27,0,0,288,473,524,631,1055,1027,1037,1658
"WFR4",NA,16.81538,-87.85217,"2018",8.1,NA,34.33,12.18,4.83,6.34,NA,NA,NA,NA,NA,NA,NA,NA,NA,NA,NA,NA,NA,NA,NA,NA
"WFR4",NA,16.81538,-87.85217,"2018",8.9,NA,NA,NA,NA,NA,1099,900,410,682,276,711,0,0,502,558,2287,414,352,3310,3680,3724
"WFR6",NA,16.83796,-87.84392,"2018",7.7,NA,33.83,14.3,3.33,3.72,NA,NA,NA,NA,NA,NA,NA,NA,NA,NA,NA,NA,NA,NA,NA,NA
"WFR6",NA,16.83796,-87.84392,"2018",8.1,NA,NA,NA,NA,NA,1354,1394,90,147,60,116,102,188,367,741,1973,5605,9707,3145,2603,8750
"WP3","Way Point 3",17.4481,-88.0584,"2023",NA,"Barrier",17.333333,9.843215,1.166667,1.674979,33.473632943671,41.018274049933,25.19572245877,38.487101785471,428.87090979582,303.257528570268,0,0,89.530660678345,89.680765960575,577.070925876606,63.692436326902,70.694861642107,199.15439235644,308.37327535254,262.846828683342
"WP4_BR","West Point 4",17.3866,-87.9358,"2023",NA,"Atoll",22.166667,7.624886,0.333333,0.471405,84.559648083831,137.1525476377,82.432159406618,122.20907351108,0,0,0,0,187.50660975944,241.4851340614,354.498417249889,375.05585769203,304.16211057387,233.07365243583,220.04470243031,608.12951012786
"WP4_BR","WP4_BR",17.38659,-87.93578,"2018",7.6,NA,NA,NA,NA,NA,245,324,78,159,17,31,0,0,486,534,826,92,102,1270,864,1362
"WP4_DFR","West Point 4",17.3835,-87.9397,"2023",NA,"Atoll",11.166667,4.058599,6,2.886751,797.9524544711,666.43515021936,62.496726971069,124.72483607558,1.5237142745607,1.07742869613261,0,0,702.52629375687,1668.6843244135,1564.4991894736,656.31189234294,1169.6094826851,2472.0841288931,3093.2011102685,3128.39602123604
"WP4_DFR","WP4_DFR",17.38347,-87.93974,"2018",10.7,NA,NA,NA,NA,NA,720,926,121,197,78,146,0,0,420,431,1339,434,628,1420,1453,1854
"WP4_SFR","West Point 4",17.3836,-87.9382,"2023",NA,"Atoll",10.166667,6.256108,1.5,1.384437,250.75901218608,274.70540399584,176.61906226342,308.55155523646,12.245487019456,8.65886691038918,0,0,300.30378941736,240.13027500408,739.927350886316,186.44419148035,323.15460468989,451.86079011721,315.7742493312,638.30498159756
"WP4_SFR","WP4_SFR",17.38359,-87.93821,"2018",7.6,NA,NA,NA,NA,NA,24,45,121,225,0,0,0,0,200,159,345,417,126,2061,1426,2478
"WP5_DFR","West Point 5",17.5465,-87.8228,"2023",NA,"Atoll",19.666667,6.472163,13,6.429101,2676.5096010772,5004.8385096543,148.7836903547,267.58729916453,93.134722838494,65.8561940830287,0,0,74.802480779399,154.78753026788,2993.23049504979,358.34502891629,192.54432966781,2285.2743619454,3200.092066976,2643.61939086169
"WP5_DFR","WP5_DFR",17.54603,-87.82514,"2018",10.7,NA,NA,NA,NA,NA,201,334,0,0,24,67,0,0,139,200,364,510,753,1037,639,1547
"WP5_SFR","West Point 5",17.5467,-87.8219,"2023",NA,"Atoll",38.833333,7.733405,0.166667,0.372678,10.61243597077,28.077866383253,46.203907872122,122.24404982897,53.608863724477,37.9071910712832,0,0,0,0,110.425207567369,539.88465112524,394.93933632282,1153.420881987,807.14715137506,1693.30553311224
"WP5_SFR","WP5_SFR",17.54716,-87.82292,"2018",7.6,NA,NA,NA,NA,NA,11,31,14,40,162,457,0,0,477,342,664,328,347,1606,1435,1934
"WQ4","WQ4",17.43809,-87.534,"2021",1.6,NA,8.5,0.84,1.17,1.6,NA,NA,NA,NA,NA,NA,NA,NA,NA,NA,NA,NA,NA,NA,NA,NA
"WQ4","WQ4",17.43809,-87.534,"2021",2,NA,NA,NA,NA,NA,220,175,0,0,13,40,0,0,286,535,519,430,532,2400,1735,2830
NA,"BZ1081",18.1755,-87.828,"2023",NA,"Barrier",4.666667,3.496029,38.5,7.756718,240.57361045582,373.20765779558,0,0,37.253889135398,26.3424776332118,0,0,36.715048969017,86.032905248917,314.542548560235,251.64619173576,296.17767536708,672.41752905163,1254.281780135,924.06372078739
NA,"BZ1234",18.1807,-87.8284,"2023",NA,"Barrier",2.666667,2.285218,40.75,4.845531,25.469846329847,76.409538989542,0,0,38.472860555046,27.2044205901175,523.46759071072,1570.4027721322,28.58095622452,81.970475589416,615.991253820133,3811.4221074364,10508.827805696,309.86807957488,586.508663139,4121.29018701128
NA,"CBSFR",17.157,-87.9092,"2023",NA,"Atoll",20.5,9.517528,4.166667,2.67187,1504.6523993103,2110.8280170198,0,0,139.0692423672,98.3368043323226,0,0,493.26672894694,569.99163266434,2136.98837062444,255.14069534938,317.80211625869,566.06475684207,612.41998604526,821.20545219145
NA,"CZ2_SFR",17.5101,-87.7499,"2023",NA,"Atoll",15.833333,4.980518,9.166667,1.86339,845.52861992351,1085.7679403606,123.21042099232,348.49169678609,0,0,0,0,165.21128595871,298.27153108915,1133.95032687454,1178.8924815526,788.53325661728,3247.2379302166,2795.8973163545,4426.1304117692
NA,"Pompion",16.3731,-88.0892,"2023",NA,"Barrier",7.333333,2.357023,42.833333,14.02874,0,0,18.976413702676,33.137722548873,3053.3533350495,2159.04684857206,0,0,530.83256321031,957.18272495108,3603.16231196249,634.8626419823,1122.1010101751,1579.1866003535,977.80958228495,2214.0492423358
NA,"Ranguana",16.331,-88.1497,"2023",NA,"Bank",15.333333,4.189935,10.166667,7.67391,604.59697049166,1419.4469348842,0,0,47.177584818233,33.3595901449761,0,0,435.12292239572,844.68634730026,1086.89747770561,843.19892640033,2186.4621656598,2433.4846118599,2887.8294824738,3276.68353826023
NA,"SP_SFR",17.3344,-87.7877,"2023",NA,"Atoll",18.333333,7.249521,11.25,2.512469,460.07841920975,790.14252490682,270.05710670035,759.92097808453,13.593702727624,9.612199380137,0,0,118.81555245856,295.78221265445,862.544781096284,311.71217334633,280.62547524443,1085.0866428868,1899.0981794448,1396.79881623313
