"Code","Name","Latitude","Longitude","tLUTJavg","tLUTJstd","tSERRavg","tSERRstd","tCARAavg","tCARAstd","tSPHYavg","tSPHYstd","tHAEMavg","tHAEMstd","YEAR","tCommBiomass","Reef Type","Depth"
"1032","Round Caye",16.4185,-88.0413,0,0,0,0,0,0,0,0,0,0,"2018",0,NA,6.1
"1037","Carrie Caye",16.51746,-88.19352,387,452,11,36,92,151,0,0,551,708,"2018",1041,NA,6.2
"1038","Big White-Gladden Channel",16.5079,-87.9707,646,1633,1,4,380,1138,0,0,94,188,"2018",1121,NA,7.1
"1044","South of Carrie Bow Caye",16.64572,-88.0662,2646,2518,0,0,43,99,649,1751,1718,1680,"2018",5056,NA,4.6
"1045","Glover's Southwest",16.72,-87.8387,317,648,0,0,634,2005,0,0,65,96,"2018",1016,NA,10.3
"1052","Glover's NW",16.8856,-87.8102,187,375,197,355,0,0,410,1297,31,52,"2018",825,NA,4.9
"1057","West of Hat Caye",17.1692,-87.6317,998,1263,62,167,681,1673,371,1172,378,347,"2018",2490,NA,7.2
"1062_BR","1062_BR",17.25613,-87.95623,364,397,127,185,17,45,0,0,589,1007,"2018",1097,NA,7.6
"1062_DFR","1062_DFR",17.25871,-87.95925,78,162,232,453,0,0,0,0,263,315,"2018",573,NA,10.7
"1062_SFR","1062_SFR",17.2603,-87.96102,0,0,23,42,16,45,0,0,394,423,"2018",433,NA,7.6
"1062SFR","1062SFR",17.2587,-87.9593,0,0,10.498217691154,27.775673220212,60.948570982427,43.0971478453038,0,0,25.512934094319,40.70292104156,"2023",96.9597227679,"Atoll",NA
"1064","Paranga Grounding Site",17.31848,-88.0425,26,59,0,0,110,243,0,0,220,234,"2018",356,NA,4.2
"1068","Sandbore SPAG site",17.4303,-87.45177,366,702,51,122,67,115,0,0,130,210,"2018",614,NA,6.1
"1071_DFR","1071_DFR",17.47784,-87.78187,398,578,24,44,0,0,0,0,163,147,"2018",585,NA,10.7
"1071_SFR","1071_SFR",17.47736,-87.78485,394,649,122,305,114,320,0,0,264,278,"2018",894,NA,7.6
"1076B","Mackerel Hole",17.7704,-87.9914,418.67699414603,716.78620928144,88.464374334896,154.62691961541,384.00361763293,271.531562028411,0,0,908.56512717459,896.95718698164,"2023",1799.71011328845,"Barrier",NA
"1076B","Mackerel Hole",17.77042,-87.99141,563,421,124,329,25,54,41,129,28,33,"2018",781,NA,7
"1077","Coral Gardens",17.81931,-87.98686,508,284,271,477,54,96,41,129,214,235,"2018",1088,NA,9.7
"1079","Tres Cocos",17.93406,-87.93876,325,292,0,0,133,208,90,179,34,65,"2018",582,NA,5.3
"1080","Basil Jones",18.1125,-87.84692,443,394,163,323,111,185,117,370,172,141,"2018",1006,NA,9.6
"1081","North of Alleys",18.17546,-87.828,399,701,20,35,55,99,41,129,12,21,"2018",527,NA,5.8
"1106","Southwest Glovers patch",16.74339,-87.85077,58,152,0,0,0,0,117,370,94,187,"2018",269,NA,1.2
"1114","WEst HalfmoonCaye park edge",17.2591,-87.5558,333,483,23,72,0,0,0,0,505,773,"2018",861,NA,1.9
"1128","East of Water Caye",17.38828,-88.0456,727,761,0,0,56,177,15,46,495,434,"2018",1293,NA,2.1
"1177","Bugle's Caye",16.4903,-88.3236,1363,2145,0,0,245,462,0,0,1172,1274,"2018",2780,NA,2.5
"1178","West of Laughing Bird Caye",16.45676,-88.2093,516,605,9,28,62,177,1752,5489,410,898,"2018",2749,NA,7.3
"1192","Near Wee Wee Caye",16.75744,-88.14417,613,647,0,0,108,136,0,0,562,482,"2018",1283,NA,1.4
"1194","South of Curlew (sunken caye)",16.76494,-88.0761,95,156,30,52,24,33,0,0,250,239,"2018",399,NA,6.1
"1206","1206DFR",17.248,-87.8334,314.18758157174,692.18822982386,10.498217691154,27.775673220212,24.490974038912,17.3177338207784,0,0,336.9940782618,595.31319761963,"2023",686.170851563606,"Atoll",NA
"1206","1206SFR",17.2486,-87.8337,50.352973400407,117.14016964932,11.775566634442,25.921945426696,53.6709623596082,37.8891468381375,0,0,95.179877804539,124.60039560926,"2023",210.979380198996,"Atoll",NA
"1206","Bully Bay",17.25097,-87.8386,195,224,0,0,56,178,0,0,155,175,"2018",406,NA,1
"1206_DFR","1206_DFR",17.24799,-87.83337,633,649,54,154,0,0,0,0,406,339,"2018",1093,NA,10.7
"1206_SFR","1206_SFR",17.2486,-87.83705,534,688,0,0,102,290,0,0,108,148,"2018",744,NA,7.6
"1208","South Point Wreck Site",17.15318,-87.59994,798,428,28,26,34,89,205,649,523,269,"2018",1588,NA,1.5
"1217","Transfer Wrecksite",17.3956,-87.46557,57,148,0,0,54,133,0,0,470,447,"2018",581,NA,1.5
"1221","West of SAndbore Caye",17.46172,-87.49525,402,430,12,23,130,270,0,0,494,454,"2018",1038,NA,1.5
"1223","Southwest of Maugre Caye",17.56664,-87.7489,2393,3633,0,0,249,326,498,1574,2443,1735,"2018",5583,NA,1
"1230","North of Caye Caulker Marine Reserve",17.79961,-87.99541,1166,613,63,72,97,188,615,1946,993,287,"2018",2934,NA,1.4
"1231","North of Hol Chan MR",17.8817,-87.96947,689,464,129,337,162,257,178,406,180,199,"2018",1338,NA,5.8
"1234","North of Mexico Rocks",18.186,-87.83305,1972,1254,159,371,58,69,55,132,80,51,"2018",2324,NA,5.9
"2056","Sianora Dive Site",17.19558,-87.9318,450,647,23,73,373,597,0,0,406,533,"2018",1252,NA,11.3
"2065","East of Turneffe Flats",17.41428,-87.8094,1001,1063,0,0,13,27,0,0,1025,1160,"2018",2039,NA,4.7
"2220","West of Jack Barrow Camp",17.54819,-87.821,472,700,9,30,120,236,2453,5705,956,910,"2018",4010,NA,1
"BCMR31","BCMR31",18.11352,-87.83405,0,0,9,30,0,0,0,0,216,241,"2018",225,NA,14.2
"BCMR39","BCMR39",18.09995,-87.85304,402,912,35,74,25,61,0,0,145,215,"2018",607,NA,14.5
"BZ-TAMR-01","WP4-DFR",17.38347,-87.93974,112,165,28,56,0,0,0,0,37,58,"2021",177,NA,12.4
"BZ-TAMR-02","WP4-BR",17.38659,-87.93578,33,42,9,27,0,0,0,0,90,111,"2021",132,NA,1.9
"BZ-TAMR-03","WP4-SFR",17.38359,-87.93821,14,24,30,63,0,0,205,649,78,120,"2021",327,NA,1.9
"BZ-TAMR-04","1206-DFR",17.24799,-87.83336,348,495,4,8,0,0,0,0,11,28,"2021",363,NA,12.3
"BZ-TAMR-05","1206-BR",17.24913,-87.83865,3,6,0,0,151,478,0,0,576,1176,"2021",730,NA,1.2
"BZ-TAMR-06","1206-SFR",17.2486,-87.83705,101,205,2941,9207,3,6,0,0,274,354,"2021",3319,NA,9.5
"BZ-TAMR-07","WP5-DFR",17.54654,-87.82282,200,296,98,163,2,6,330,1043,52,63,"2021",682,NA,10.1
"BZ-TAMR-08","WP5-BR",17.54707,-87.82041,25,50,4,11,19,43,0,0,59,126,"2021",107,NA,2
"BZ-TAMR-09","WP5-SFR",17.54674,-87.82186,93,156,0,0,6,20,117,370,28,55,"2021",244,NA,6.7
"BZ-TAMR-10","MP-DFR",17.62112,-87.78891,60,105,38,66,0,0,0,0,191,245,"2021",289,NA,11.5
"BZ-TAMR-11","MP-SFR",17.62051,-87.78842,212,450,102,224,6,20,0,0,235,247,"2021",555,NA,7
"BZ-TAMR-12","CZ2-DFR",17.51001,-87.74921,217,687,528,1035,26,47,0,0,30,40,"2021",801,NA,15
"BZ-TAMR-13","1062-DFR",17.2603,-87.96102,424,814,318,503,109,221,0,0,140,144,"2021",991,NA,12.2
"BZ-TAMR-14","1062-SFR",17.25871,-87.95925,179,409,36,68,51,169,0,0,154,343,"2021",420,NA,5
"BZ-TAMR-15","1062-BR",17.25613,-87.95623,606,1049,19,40,726,2294,0,0,436,796,"2021",1787,NA,2.6
"BZ-TAMR-16","CB-SFR",17.15698,-87.90921,9,28,675,1965,140,357,0,0,167,378,"2021",991,NA,5.9
"BZ-TAMR-17","CB-BR",17.15853,-87.91022,795,1897,216,332,151,412,703,2223,9691,24321,"2021",11556,NA,3
"BZ-TAMR-18","SP-DFR",17.33406,-87.78709,221,506,0,0,2,6,0,0,122,218,"2021",345,NA,9.2
"BZ1019","South Tip of Sapodillas",16.10412,-88.32987,242,313,7,11,0,0,0,0,204,181,"2021",453,NA,2.3
"BZ1019","South Tip of Sapodillas",16.10412,-88.32987,997,1097,74,139,19,43,0,0,609,1065,"2018",1699,NA,3
"BZ1019","White Reef",16.1041,-88.3299,396.80979312307,469.99270620023,272.81143656941,199.60051587215,552.55504513696,390.715419395183,0,0,315.28818592714,343.24668208124,"2023",1537.46446075658,"Barrier",NA
"BZ1026","Coral Forest",16.1791,-88.34,339.62634910289,477.11488533828,133.49814790712,174.37022451384,564.32772233776,399.039959276589,0,0,284.68203850149,468.16707060272,"2023",1322.13425784926,"Barrier",NA
"BZ1032","Round Caye",16.4185,-88.0413,0,0,9,30,0,0,0,0,0,0,"2021",9,NA,6.4
"BZ1037","Carrie Caye",16.5175,-88.1935,191.67893607934,229.2726468788,38.530398827206,115.59119648162,248.74512768157,175.889366570752,0,0,1013.6863472596,1596.0985856488,"2023",1492.64080984772,"Lagoonal",NA
"BZ1037B","Carrie Caye",16.51861,-88.19308,17,37,0,0,21,45,0,0,114,260,"2021",152,NA,5.8
"BZ1041","Gladden Caye",16.558,-88.0507,60,174,0,0,91,265,0,0,37,68,"2018",188,NA,2.5
"BZ1041","Gladden Caye",16.558,-88.0507,1083.9684686449,1042.9418977882,0,0,352.43983861041,249.212599841713,0,0,686.07330982929,928.05582558124,"2023",2122.4816170846,"Barrier",NA
"BZ1041.","Gladden Caye",16.558,-88.0507,44,108,9,30,0,0,0,0,23,50,"2021",76,NA,3.7
"BZ1043","South Water Caye",16.6302,-88.2061,1294.1353877424,865.97178634972,63.726121285975,144.16555908964,60.948570982427,43.0971478453038,0,0,1468.9026492981,1223.6706780497,"2023",2887.7127293089,"Lagoonal",NA
"BZ1045","Glover’s Reef Southwest",16.72,-87.8387,220.06004083335,172.43186705268,183.38516220863,320.53293442317,173.37486424877,122.594542197602,0,0,1211.7247963595,1366.6627701004,"2023",1788.54486365025,"Atoll",NA
"BZ1045","Glovers Reef Southwest",16.72,-87.8387,203,310,114,357,1,3,0,0,28,51,"2021",346,NA,6.2
"BZ1047","Glover’s Reef",16.7705,-87.8716,576.42723529082,1032.0782972156,493.26379309985,886.75712103732,11.015361035213,7.78903648521718,0,0,805.94385712718,1303.650784641,"2023",1886.65024655306,"Atoll",NA
"BZ1049","Glovers Reef",16.7841,-87.75241,864,899,49,155,27,80,0,0,133,172,"2021",1073,NA,4.6
"BZ1049","Glovers Reef, Glovers Reef",16.7841,-87.7524,409.39069555372,599.10309781671,46.928972980129,115.53764888939,0,0,0,0,293.95349267913,400.95324140673,"2023",750.273161212979,"Atoll",NA
"BZ1050","Glover's Northeast",16.88532,-87.70304,0,0,71,226,0,0,0,0,29,40,"2018",100,NA,9.9
"BZ1050","Glover's Reef Northeast",16.8853,-87.703,152.79626962288,301.02645531018,157.49768571302,305.93356623958,0,0,132.6964894597,398.08946837911,215.0176672202,351.09195318835,"2023",658.0081120158,"Atoll",NA
"BZ1050","Glover's Reef Northeast",16.88532,-87.70304,75,123,2,4,0,0,0,0,87,189,"2021",164,NA,7.5
"BZ1052","Glover's Reef Northwest",16.8856,-87.8102,210,322,48,65,2,4,0,0,70,126,"2021",330,NA,5.4
"BZ1052","Glover's Reef Northwest(east)",16.8856,-87.8102,855.3368298384,1637.8221964327,784.81998709501,1081.0705630876,95.319528921573,67.4010852799515,0,0,48.715256075274,109.6356885768,"2023",1784.19160193026,"Atoll",NA
"BZ1055",NA,17.132,-87.603,201,600,0,0,62,194,0,0,71,62,"2018",334,NA,6.4
"BZ1062","1062DFR",17.2603,-87.961,246.48336960539,561.96102309212,53.354006309493,120.19042677576,0,0,0,0,101.80545902307,143.69238180371,"2023",401.642834937953,"Atoll",NA
"BZ1063","Lighthouse",17.3513,-87.482,67,213,129,339,540,866,498,1574,524,679,"2018",1758,NA,11.7
"BZ1064","Paranga Grounding",17.3185,-88.0425,281.83688103995,306.11511017432,4.3988716361489,13.196614908447,343.424368464143,226.441245051455,0,0,359.7164536138,415.56924774865,"2023",989.376574754042,"Barrier",NA
"BZ1064","Paranga Grounding Site",17.31848,-88.0425,279,320,45,138,176,412,0,0,52,74,"2021",552,NA,4.3
"BZ1070","North Gallows",17.4882,-88.04193,103,189,65,138,6,20,0,0,366,294,"2021",540,NA,3.5
"BZ1077","Coral Gardens",17.8193,-87.9869,393.08508884996,626.98372115135,0,0,0,0,0,0,91.524377077461,165.13235356716,"2023",484.609465927421,"Barrier",NA
"BZ1077","Coral Gardens",17.81931,-87.98686,332,458,0,0,0,0,0,0,90,188,"2021",422,NA,6.6
"BZ1079","Tres Cocos",17.93406,-87.93876,150,474,11,36,0,0,0,0,1374,4084,"2021",1535,NA,7.7
"BZ1079","Tres Cocos",17.9341,-87.9388,423.71032906459,719.55920252239,0,0,0,0,0,0,1064.5175231829,3158.0816406033,"2023",1488.22785224749,"Barrier",NA
"BZ1080","Basil Jones",18.08799,-87.86372,207,398,2,5,171,498,0,0,330,460,"2021",710,NA,6.5
"BZ1080","Basil Jones",18.088,-87.8637,747.06984138593,920.95991089964,110.6550942661,156.52759363398,111.76166740619,79.0274328996325,0,0,680.66943284808,374.53944483292,"2023",1650.1560359063,"Barrier",NA
"BZ1081","North of Alleys",18.17546,-87.828,480,1181,0,0,0,0,205,649,120,161,"2021",805,NA,7.8
"BZ1098","Traps Caye",16.4953,-88.1685,348.82894511683,418.18600363785,93.857945960258,169.60320706188,0,0,0,0,284.06316646963,528.38151156513,"2023",726.750057546718,"Lagoonal",NA
"BZ1098","Traps Caye, Moho",16.4953,-88.1685,17,37,28,63,10,31,0,0,36,87,"2021",91,NA,5.9
"BZ1100","Baker Caye",16.5509,-88.1996,34,106,0,0,0,0,0,0,40,54,"2021",74,NA,2.8
"BZ1100","Baker Caye",16.5509,-88.1996,232.22244535257,344.70179761273,0,0,496.81179452849,351.298988884553,0,0,381.04796087434,350.63124129151,"2023",1110.0822007554,"Bank",NA
"BZ1103","NE Range",16.6584,-88.0956,559.98318938503,707.0978055413,0,0,71.563561919063,50.6030799188328,0,0,370.11475259107,296.53576313787,"2023",1001.66150389516,"Bank",NA
"BZ1104","North of Middle Caye",16.75118,-87.8214,286,510,0,0,3,8,0,0,550,747,"2018",839,NA,1.5
"BZ1104","North of Middle Caye",16.75118,-87.82139,564,1296,0,0,6,20,0,0,484,1027,"2021",1054,NA,2.7
"BZ1104","North of Middle Caye",16.7512,-87.8214,1557.9992455596,1872.9511767006,85.12331071043,255.36993213129,0,0,0,0,2109.0934900725,4938.1060072456,"2023",3752.21604634253,"Atoll",NA
"BZ1105","South Water  Caye Reef",16.7365,-88.1485,92.153535432637,163.29179852947,0,0,226.21232030484,159.956265675496,0,0,193.55685195684,369.22314204527,"2023",511.922707694317,"Bank",NA
"BZ1106","Southwest Glover’s Patch",16.7434,-87.8508,429.78675578616,694.83259690618,52.733037589562,129.31359097854,186.26944567699,131.712388166059,0,0,1279.7404447314,1964.9830029801,"2023",1948.52968378411,"Atoll",NA
"BZ1106","Southwest Glovers Patch",16.74339,-87.85077,578,1267,0,0,0,0,0,0,15,47,"2021",593,NA,1.9
"BZ1109","Glover's North inner patch",16.88644,-87.78005,104,330,0,0,0,0,0,0,196,402,"2018",300,NA,1.3
"BZ1109","Glover's North Inner Patch",16.8864,-87.7801,0,0,31.031272616373,93.09381784912,0,0,0,0,1769.5750947982,3297.4009863743,"2023",1800.60636741457,"Atoll",NA
"BZ1109","Glover's North Inner Patch",16.88644,-87.78005,0,0,0,0,0,0,0,0,46,115,"2021",46,NA,1.2
"BZ1112","Rendezvous",17.2451,-88.0522,275.07187810491,443.34683223863,312.05325633279,584.28747029228,15.595305810757,11.0275464934642,0,0,214.13594213481,191.71039207159,"2023",816.856382383267,"Barrier",NA
"BZ1112","Rendezvous Caye Patch",17.24508,-88.05223,32,51,4,8,0,0,0,0,66,78,"2021",102,NA,5.9
"BZ1112","Rendezvous Caye Patch",17.24508,-88.05223,336,420,9,30,56,118,0,0,806,951,"2018",1207,NA,8.8
"BZ1118","Robinson area flats",17.3524,-88.1501,448.72648862139,860.64800201863,33.395098863421,45.042752619643,362.68950706778,256.460209912834,314.2057879241,526.56318933521,1722.9814874547,2725.2158535602,"2023",2881.99836993139,"Lagoonal",NA
"BZ1124","Nothing Special",16.1548,-88.3299,423.88237775858,812.54276227881,64.835924405635,113.00715600355,0,0,0,0,108.65556404235,299.22212822976,"2023",597.373866206565,"Barrier",NA
"BZ1124","Southwest of Seal Caye",16.1548,-88.3729,0,0,3,10,0,0,0,0,25,40,"2021",28,NA,8
"BZ1124","Southwest of Seal Caye",16.1548,-88.3729,1005,1070,0,0,69,165,0,0,293,694,"2018",1367,NA,10.3
"BZ1128","East of Water Caye",17.385,-88.04222,73,231,37,75,62,198,0,0,483,799,"2021",655,NA,2.4
"BZ1128","Spanish Bay",17.3883,-88.0456,268.57463723167,494.6347325662,8.3985741529233,25.19572245877,74.507778270795,52.6849552664228,0,0,901.46544184266,1159.4451273543,"2023",1252.94643149805,"Barrier",NA
"BZ1130","Rise & Fall",16.0682,-88.3011,1058.5273837431,1190.6330207662,622.5904394442,1216.2382349308,0,0,0,0,0,0,"2023",1681.1178231873,"Bank",NA
"BZ1149","Seal Caye",16.1237,-88.3787,597.8442858909,1259.7672375015,135.85081672487,178.71589184169,0,0,0,0,248.5164828942,347.92988756533,"2023",982.21158550997,"Barrier",NA
"BZ1149","Southwest of Seal Caye",16.12373,-88.37861,93,201,24,48,60,126,0,0,350,594,"2021",527,NA,8.3
"BZ1177","Bugle's Caye",16.4903,-88.3236,235,378,0,0,155,395,0,0,842,1479,"2021",1232,NA,2.7
"BZ1177","Bugle's Caye",16.4903,-88.3236,1341.323781659,2287.923216198,0,0,1.2189714196485,0.861942956906047,0,0,1212.2927746547,873.32766273662,"2023",2554.83552773335,"Lagoonal",NA
"BZ1178","NA,NA",16.4563,-88.2097,251.73337065482,283.36905829027,38.530398827206,115.59119648162,343.09672783665,242.606022856211,523.46759071072,1570.4027721322,83.347625956141,147.62223651382,"2023",1240.17571398554,"Lagoonal",NA
"BZ1178","West of Laughing Bird Caye",16.4563,-88.2097,290,776,9,30,0,0,0,0,9,28,"2021",308,NA,6.5
"BZ1186","False Caye",16.6034,-88.3342,92.718255189303,227.26522509598,0,0,0,0,0,0,522.32651972134,762.53126838227,"2023",615.044774910643,"Lagoonal",NA
"BZ1192","Wee Wee Cay",16.7574,-88.1442,801.95267989249,1886.5098415213,0,0,91.612805811341,64.7800362327256,0,0,324.48230146068,303.1156962855,"2023",1218.04778716451,"Bank",NA
"BZ1215","Robinson Point Caye",17.3568,-88.1709,237.25009876404,379.20865993037,16.589506794739,28.582745606146,311.94188400562,220.576221516481,0,0,183.43694781272,382.54838309886,"2023",749.218437377119,"Lagoonal",NA
"BZ1229","BZ1229",17.6876,-88.0161,307.69737770236,323.87097478995,174.58510870709,194.37325858601,9.5304646621292,6.73905619045032,0,0,1118.5897306093,789.62694469021,"2023",1610.40268168088,"Barrier",NA
"BZ1229","Caye Chapel",17.68764,-88.01608,0,0,2,5,176,471,0,0,309,359,"2021",487,NA,1.8
"BZ1230","North of Caye Caulker Marine Reserve",17.7996,-87.9954,59.140082662124,116.21844781748,46.928972980129,115.53764888939,25.732254587749,18.195451714216,354.44863557565,1063.345906727,182.25241993625,174.08312487398,"2023",668.502365741902,"Barrier",NA
"BZ1230","North of Caye Caulker MR",17.79961,-87.99541,21,67,2,5,34,89,0,0,268,431,"2021",325,NA,2.3
"BZ1231","North of Hol Chan Marine Reserve",17.8817,-87.9695,1865.9404546161,3338.6020939476,0,0,1.2189714196485,0.861942956906047,0,0,1901.167453807,2853.6208203571,"2023",3768.32687984275,"Barrier",NA
"BZ1231","North of Hol Chan MR",17.8817,-87.96947,9,28,0,0,119,203,0,0,514,1231,"2021",642,NA,1.3
"BZ1234","North of Mexico Rocks",18.186,-87.83305,1038,1931,0,0,77,238,0,0,14396,32530,"2021",15511,NA,1.6
"BZ2027",NA,16.2472,-88.176,430,491,60,154,0,0,0,0,186,262,"2018",676,NA,9.1
"BZ2027B",NA,16.24728,-88.17989,267,629,49,156,0,0,0,0,0,0,"2021",316,NA,8
"BZ2054","Caye Glory",17.0975,-88.0077,2007.583412898,1194.5486198621,117.85748376615,299.41985323264,0,0,0,0,734.54639269073,874.10933928904,"2023",2859.98728935488,"Barrier",NA
"BZ2061","Lighthouse",17.2574,-87.572,208,479,32,62,132,169,220,645,312,395,"2018",904,NA,6.1
"BZ2066","Lighthouse",17.3097,-87.584,943,1911,814,1835,742,959,330,1043,560,502,"2018",3389,NA,8.9
"BZ2070","Gallows",17.4496,-88.0324,82,106,2,5,76,239,205,649,112,330,"2021",477,NA,1.4
"BZ2070","Gallows Flat",17.4496,-88.0324,2095,4283,97,181,19,43,41,129,583,765,"2018",2835,NA,8.9
"BZ2202","Lighthouse",17.129,-87.615,118,216,12,33,34,109,0,0,87,114,"2018",251,NA,0.9
"BZBCCB01","Barracuda Patch",18.16878,-87.834,740,1386,0,0,160,269,0,0,451,901,"2021",1351,NA,1.8
"BZBCCB01","Barracuda Patch",18.16878,-87.834,1122,1000,24,39,68,118,41,129,49,52,"2018",1304,NA,5.5
"BZCGMF","Caye Glory",17.0853,-87.9878,529.96250194515,484.32933286169,126.25605791908,297.16561595565,9.7963896155649,6.92709352831142,0,0,860.10270946276,1216.1559048732,"2023",1526.11765894255,"Barrier",NA
"BZHCCD01","BZHCCD01",17.8684,-87.9722,453.84882568351,586.93789950821,8.3985741529233,25.19572245877,120.33908560211,85.0925834710404,0,0,370.78808388276,469.15859766992,"2023",953.374569321303,"Barrier",NA
"BZHCCD02","BZHCCD02",17.8426,-87.9794,777.86015212185,944.53812112946,20.106387243581,32.674051796571,162.97094572241,115.237860856701,0,0,1117.22264889,1279.1419476753,"2023",2078.16013397784,"Barrier",NA
"BZPHMR01","Daly Bank",16.33054,-88.34744,110,244,627,1162,0,0,0,0,348,451,"2018",1085,NA,7.9
"BZPHMR02","BZPHMR02",16.1595,-88.4102,0,0,77.060797654411,154.12159530882,83.085196466711,58.7501058378279,0,0,267.80007748025,282.94900316336,"2023",427.946071601372,"Barrier",NA
"BZPHMR02","Spanish Bank",16.15951,-88.41017,1297,2406,199,452,184,519,0,0,506,604,"2018",2186,NA,7.9
"BZPHMR03","East Snake Caye",16.20594,-88.50809,5168,5467,0,0,398,934,0,0,978,1264,"2018",6544,NA,4
"BZPHMR04","Middle Snake Caye",16.20152,-88.55112,4236,6879,0,0,351,791,0,0,1996,2509,"2018",6583,NA,3.5
"BZPHMR05","South Snake Caye",16.17913,-88.56444,1869,3687,12,33,516,782,0,0,10050,15090,"2018",12447,NA,3.3
"BZPHMR06","West Snake Caye",16.18874,-88.56981,8153,7800,12,33,1344,2626,0,0,15890,18193,"2018",25399,NA,3.8
"BZPHMR07","Bank 3",16.15346,-88.59153,547,773,0,0,0,0,0,0,1639,1613,"2018",2186,NA,4.9
"BZPHMR08","Bank 2",16.17936,-88.55684,56,149,868,1935,281,743,0,0,3715,4702,"2018",4920,NA,5.3
"BZPHMR09","French Man",16.17925,-88.6364,6240,9291,12,33,105,298,0,0,10036,12715,"2018",16393,NA,2.5
"BZPHMR10","Wilson",16.22111,-88.58796,3192,6867,0,0,70,199,0,0,4089,8544,"2018",7351,NA,3.3
"BZSCMR","Preservation Zone",16.1506,-88.2429,330.51567763304,991.54703289913,506.67040396732,1492.2260640022,17.154836391833,12.1303011428109,0,0,81.866148474861,127.62363746536,"2023",936.207066467054,"Barrier",NA
"CB_BR","CB_BR",17.15853,-87.91023,1027,437,73,171,0,0,0,0,1678,1048,"2018",2778,NA,2.1
"CB_DFR","CB_DFR",17.14891,-87.90773,478,669,0,0,35,99,0,0,447,442,"2018",960,NA,10.7
"CB_SFR","CB_SFR",17.15698,-87.90921,222,262,357,674,8,22,0,0,427,373,"2018",1014,NA,7.6
"CBDFR","CBDFR",17.157,-87.9079,2500.5597288679,2242.1368712499,0,0,1669.1867908501,926.405035749235,0,0,115.54774610795,170.84294269337,"2023",4285.29426582595,"Atoll",NA
"CC01","Corona Caiman",15.95446,-88.28024,32,102,14,21,39,100,0,0,23,65,"2021",108,NA,14
"CC01","Corona Caiman",15.9545,-88.2802,35.134036296788,105.27952982083,46.928972980129,115.53764888939,19.548160972753,13.8226371835599,0,0,236.43719622837,474.05947787405,"2023",338.04836647804,"Bank",NA
"CC02","Corona Caiman sensor temp",15.9695,-88.2985,116.60240694637,320.38447680713,28.014701135656,54.636702460541,25.732254587749,18.195451714216,0,0,47.521242000414,111.49076330803,"2023",217.870604670189,"Bank",NA
"CC02","Corona Caiman sensor temp",15.96953,-88.29851,16,53,285,944,16,29,13,44,12,31,"2021",342,NA,16.1
"CCSC","Caye Caulker Southern Channel",17.7256,-88.0109,307.24890931938,415.69992075104,80.523269591822,115.32320988521,265.0374789114,187.409798606838,0,0,2241.0709333068,2764.0972280431,"2023",2893.8805911294,"Barrier",NA
"Control","Control",18.06742,-87.86975,159,331,12,33,40,75,0,0,191,210,"2018",402,NA,15.4
"Coral Lane","Coral Lane",17.3072,-88.0538,442.0754742368,875.04595809659,8.137573390671,24.412720172013,0,0,225.97930991314,677.93792973942,1467.231918825,788.07302799722,"2023",2143.42427636561,"Barrier",NA
"CZ2_DFR","Cockroach Zone",17.51,-87.7492,277.31513477673,516.1348537595,211.19342820191,354.38222923968,233.31972442795,164.98195932758,0,0,334.29989980658,641.29050192753,"2023",1056.12818721317,"Atoll",NA
"CZ2_DFR","CZ2_DFR",17.51001,-87.74921,0,0,53,104,0,0,18,52,150,144,"2018",221,NA,10.7
"CZ2_SFR","CZ2_SFR",17.51015,-87.74994,566,728,0,0,16,45,0,0,472,536,"2018",1054,NA,8.6
"CZFR2","CZFR2",16.7369,-87.8077,100.32221409338,300.96664228015,48.038776099788,115.13413671164,166.17039293342,117.500211675654,0,0,304.04547134987,558.95341734866,"2023",618.576854476458,"Atoll",NA
"CZFR2",NA,16.73689,-87.80771,507,588,120,374,46,119,0,0,194,225,"2018",867,NA,14.7
"CZPR4",NA,16.76369,-87.80431,10,30,0,0,0,0,0,0,72,121,"2018",82,NA,1.5
"FIDO","Fido's Secret Wall",18.17344,-87.82841,297,386,67,135,638,2003,117,370,916,906,"2018",2035,NA,11.4
"Goff's Caye","Goff's Caye",17.3521,-88.0385,41.22355289483,123.67065868449,93.857945960258,149.30920806111,68.619345567331,48.5212045712428,0,0,321.80327185862,211.3674444117,"2023",525.504116281039,"Barrier",NA
"GSMBRS1","Gladden Spit",16.45231,-88.04171,123,214,118,374,2,6,0,0,95,161,"2021",338,NA,3.2
"HolChan","Hol Chan",17.85897,-87.97327,86,209,583,1843,0,0,0,0,13,24,"2021",682,NA,13.8
"LAST","Last Resort",18.16356,-87.83042,445,710,0,0,0,0,0,0,540,362,"2018",985,NA,4.4
"LBCMBRS1","Laughing Bird 1",16.42794,-88.20604,345,388,154,296,0,0,0,0,86,126,"2021",585,NA,6.8
"LBCMBRS1","Laughing Bird Caye 1",16.4279,-88.206,145.75483929697,306.67699426413,85.459371807334,171.94736740592,0,0,0,0,240.7327029171,443.41155609678,"2023",471.946914021404,"Lagoonal",NA
"LBCMBRS2","Laughing Bird 2",16.44383,-88.19778,1052,2753,0,0,6,20,117,370,508,1007,"2021",1683,NA,2.3
"LBCMBRS2","Laughing Bird Caye 2",16.4438,-88.1978,98.282663885509,136.10652026294,0,0,186.26944567699,131.712388166059,0,0,1386.6293824404,863.70415165384,"2023",1671.1814920029,"Lagoonal",NA
"MP_DFR","Mauger Point",17.6211,-87.7889,2023.2651383204,1469.8568300446,161.40882860837,180.1610860704,9.5304646621292,6.73905619045032,0,0,213.27177014496,300.89636899733,"2023",2407.47620173586,"Atoll",NA
"MP_DFR","MP_DFR",17.62305,-87.79146,285,259,188,450,9,24,0,0,190,254,"2018",672,NA,10.7
"MP_SFR","Mauger Point",17.6205,-87.7884,2400.3684710049,2219.8392512633,181.69534958715,336.01353230777,1.9559313024611,1.38305228750528,147.44054384412,417.02483349603,303.59227264251,516.627205179,"2023",3035.05256838114,"Atoll",NA
"MP_SFR","MP_SFR",17.62194,-87.78979,197,310,2,4,9,22,0,0,112,71,"2018",320,NA,7.6
"MXRCK","Mexico Rocks",17.99067,-87.90297,11,34,0,0,32,100,0,0,137,309,"2021",180,NA,13.5
"MXRCK","Mexico Rocks",17.9907,-87.903,8.0037866138235,24.011359841471,0,0,107.5476281488,76.0476571645457,0,0,33.475218799487,61.926421792403,"2023",149.026633562111,"Barrier",NA
"Nicholas Caye","Nicholas Caye",16.1123,-88.256,4316.589357989,6983.2650328067,12.837786631561,24.286173659106,17.154836391833,12.1303011428109,0,0,537.3777702551,675.82175102729,"2023",4883.95975126749,"Barrier",NA
"PALM","Palm Spring",18.06523,-87.87831,146,267,0,0,0,0,0,0,59,72,"2018",205,NA,1.8
"PHMR 01","Bank 3",16.15347,-88.59154,21,38,0,0,25,80,0,0,33,69,"2021",79,NA,8
"PHMR 02","Frenchman",16.17925,-88.63641,19,41,20,42,13,40,0,0,342,816,"2021",394,NA,3.6
"PHMR 03","Daly Bank",16.33055,-88.34744,22,47,59,67,0,0,0,0,20,37,"2021",101,NA,8.2
"PHMR 04","Spanish Bank",16.15952,-88.41018,30,70,33,46,843,2665,0,0,116,176,"2021",1022,NA,8.8
"PHMR 05","East Snake Caye",16.20594,-88.50809,66,147,44,138,133,421,0,0,160,180,"2021",403,NA,4.1
"PHMR 06","Middle Snake Caye",16.20153,-88.55112,181,230,0,0,13,40,990,3132,251,209,"2021",1435,NA,2.8
"PHMR 07","West Snake Caye",16.18875,-88.56981,255,661,9,30,0,0,0,0,209,252,"2021",473,NA,4.1
"PHMR 08","South Snake Caye",16.17914,-88.56445,117,298,0,0,0,0,0,0,282,384,"2021",399,NA,2.3
"PHMR 09","Wilson Caye",16.22111,-88.58796,44,107,0,0,0,0,0,0,172,250,"2021",216,NA,1.5
"PHMR 10","BANK 2",16.17936,-88.55684,351,574,44,138,0,0,0,0,625,968,"2021",1020,NA,3.9
"Pig Sty","Pig Sty",18.18163,-87.82744,560,666,109,183,145,456,0,0,352,366,"2018",1166,NA,11.3
"R01","LHRA",17.4735,-87.4864,0,0,883.4941799043,2244.4503918188,8.5774181959163,6.0651505714053,354.44863557565,1063.345906727,120.05165168439,113.5625906432,"2023",1366.57188536026,"Atoll",NA
"R02","LHRA",17.4719,-87.4873,33.473632943671,55.893500611669,16.797148305847,33.594296611693,0,0,67.389327550159,202.16798265048,95.56845736842,110.52863850444,"2023",213.228566168097,"Atoll",NA
"R03","LHRA",17.4618,-87.4986,58.203450448062,122.66929564182,17.906951425506,33.202088433285,0,0,0,0,116.68102575201,244.51183314369,"2023",192.791427625578,"Atoll",NA
"R04","LHRA",17.4459,-87.5283,56.696370576853,112.47936823797,166.2875928135,325.99684151762,102.67797569784,72.6042928944502,132.6964894597,398.08946837911,348.01576447767,560.48967657373,"2023",806.374193025563,"Atoll",NA
"R05","LHRA",17.4432,-87.5293,280.68742569364,334.45922335096,10.681351287563,24.924443409592,17.154836391833,12.1303011428109,1004.3082814867,3012.9248444602,226.04839489771,174.79566179958,"2023",1538.88028975745,"Atoll",NA
"R06","LHRA",17.3923,-87.4624,824.86831132449,1407.723906006,9.5083772725828,28.525131817748,19.59277923113,13.854187056623,0,0,150.28489604614,251.0658252618,"2023",1004.25436387434,"Atoll",NA
"R07","LHRA",17.3936,-87.4635,94.259110225447,133.69995500023,0,0,0,0,0,0,55.754992360421,64.45187157177,"2023",150.014102585868,"Atoll",NA
"R08","LHRA",17.3837,-87.5184,499.2809343926,810.28442606694,0,0,54.40872552723,38.4727787760219,0,0,1332.7876516712,1255.8746415164,"2023",1886.47731159103,"Atoll",NA
"R10 DFR","LHRA",17.3097,-87.5836,620.22753434937,1414.7413669783,669.96427285376,1147.9703890637,211.84772480381,149.798962787716,0,0,1615.3737807014,4089.9820385871,"2023",3117.41331270834,"Atoll",NA
"R10 DFR","R10 DFR",17.3097,-87.58365,233,192,14,36,19,60,0,0,102,91,"2021",368,NA,3.6
"R11 SFR","LHRA",17.2574,-87.572,37.428838589763,112.28651576929,16.797148305847,33.594296611693,18.57094613881,13.1316419478027,0,0,28.977612133914,39.74228658947,"2023",101.774545168334,"Atoll",NA
"R11 SFR","R11 SFR",17.25742,-87.57198,264,404,2,8,150,287,0,0,120,130,"2021",536,NA,10.6
"R12","LHRA",17.2243,-87.6046,69.524925184765,208.57477555429,17.625780242009,32.691992137862,0,0,0,0,45.898321188115,84.731491319409,"2023",133.049026614889,"Atoll",NA
"R13 SFR","LHRA",17.226,-87.6015,42.639492203985,74.113641174302,35.813902851012,76.290469007404,17.154836391833,12.1303011428109,0,0,55.765410376717,66.833972709074,"2023",151.373641823547,"Atoll",NA
"R13 SFR","R13 SFR",17.22598,-87.60154,185,257,200,371,106,194,0,0,34,83,"2021",525,NA,8.4
"R14","LHRA",17.2237,-87.5638,5674.2694722833,7075.1321240578,142.16011682378,159.45756481034,255.79543485533,180.874686582766,151.27300800518,395.7915241779,4646.0255235038,5617.3886865127,"2023",10869.5235554714,"Atoll",NA
"R15 DFR","LHRA",17.2032,-87.5422,3315.9324355478,6150.2177079513,13835.733968849,30529.191975323,147.99781892381,104.650261361845,1092.7865457214,2348.1023431035,258.27882994101,347.39016646184,"2023",18650.729598983,"Atoll",NA
"R15 DFR","R15 DFR",17.20323,-87.54223,378,458,162,384,160,501,158,378,51,68,"2021",909,NA,11
"R16 DFR","LHRA",17.2032,-87.5249,264.15348552604,764.57973333,986.64899597586,1881.5084179396,0,0,0,0,11.950044832571,25.387030400445,"2023",1262.75252633447,"Atoll",NA
"R16 DFR","R16 DFR",17.20319,-87.52493,0,0,0,0,0,0,410,865,39,61,"2021",449,NA,13.6
"R17 SFR","LHRA",17.2034,-87.5281,92.449822980686,277.34946894206,0,0,0,0,48.812809004687,146.43842701406,28.460145902858,36.239057457411,"2023",169.722777888231,"Atoll",NA
"R17 SFR","R17 SFR",17.20341,-87.52811,193,611,118,374,6,20,0,0,2,4,"2021",319,NA,5.3
"R18 BR","LHRA",17.1862,-87.6121,62.749633938263,109.0155071978,16.797148305847,33.594296611693,74.507778270795,52.6849552664228,53.154266373168,145.56788696836,497.46398938006,499.10130888714,"2023",704.672816268133,"Atoll",NA
"R18 BR","R18 BR",17.18617,-87.61214,112,121,11,34,0,0,0,0,60,88,"2021",183,NA,1.8
"R19","LHRA",17.1242,-87.6208,0,0,549.31281894117,1152.2897148184,0,0,0,0,90.631970246636,116.22584870071,"2023",639.944789187806,"Atoll",NA
"R2 SFR","R2 SFR",17.47189,-87.48732,42,78,40,56,0,0,0,0,83,65,"2021",165,NA,4.3
"R20 SFR","LHRA",17.131,-87.6064,42.128707721639,77.404025212916,0,0,0,0,0,0,790.73699177886,1799.6155584668,"2023",832.865699500499,"Atoll",NA
"R20 SFR","R20 SFR",17.13101,-87.60639,250,397,1,4,4,8,0,0,120,184,"2021",375,NA,6.1
"R21 BR","LHRA",17.1352,-87.6206,1.1374503269365,3.4123509808096,0,0,42.887090979582,30.3257528570268,0,0,138.46347559431,269.66102794121,"2023",182.488016900829,"Atoll",NA
"R21 BR","R21 BR",17.13524,-87.62064,284,370,0,0,0,0,0,0,178,161,"2021",462,NA,2.4
"R22","LHRA",17.4381,-87.534,0,0,8.3985741529233,25.19572245877,0,0,0,0,152.9392084753,169.99399120999,"2023",161.337782628223,"Atoll",NA
"R23","LHRA",17.2066,-87.5307,1550.2481017054,2463.6832400667,0,0,80.140980114979,56.6682304902379,323.60492792251,970.81478376754,1775.7997284694,3258.5533434533,"2023",3729.79373821229,"Atoll",NA
"R24","LHRA",17.3147,-87.5345,1352.8523972856,2326.7432177808,0,0,74.00150475836,52.3269658326449,0,0,1594.869289905,2997.6713452533,"2023",3021.72319194896,"Atoll",NA
"R4 DFR","R4 DFR",17.44595,-87.52826,729,1203,11,36,6,20,0,0,359,269,"2021",1105,NA,10.4
"R6 DFR","R6 DFR",17.39226,-87.46236,121,171,118,374,0,0,163,285,192,164,"2021",594,NA,11.2
"R7 SFR","R7 SFR",17.39364,-87.46348,104,221,36,115,0,0,0,0,59,82,"2021",199,NA,6.3
"R9 BR","LHRA",17.3165,-87.5302,10.883817460111,29.058512916247,90.689826387153,146.46313598052,154.55952186902,109.290086010535,0,0,1502.4708659834,1245.696314511,"2023",1758.60403169968,"Atoll",NA
"R9 BR","R9 BR",17.31648,-87.53019,498,442,0,0,0,0,0,0,1535,2562,"2021",2033,NA,4.2
"Rainbow","Rainbow Reef",18.08934,-87.86808,56,59,19,40,13,27,0,0,71,83,"2018",159,NA,1
"RPN","Rocky Point North",18.11949,-87.82177,0,0,2,8,56,178,0,0,209,172,"2018",267,NA,12.7
"SP_DFR","Soldier Point",17.3341,-87.7871,72.999567651075,119.98355566149,18.408592212505,34.36055265353,2.7088253769968,1.91542879312464,0,0,21.601108366564,33.387187003392,"2023",115.718093607141,"Atoll",NA
"SP_DFR","SP_DFR",17.33406,-87.78709,281,343,12,33,0,0,0,0,258,406,"2018",551,NA,10.7
"SP_SFR","SP_SFR",17.33352,-87.78812,322,511,66,187,27,38,0,0,204,266,"2018",619,NA,7.6
"SWCCZFR1","SWCCZFR1",16.88466,-88.06055,205,291,22,44,127,379,0,0,85,80,"2021",439,NA,13.6
"SWCCZFR1","SWCCZFR1",16.8847,-88.0606,192.07490780851,419.6944106433,59.427797113118,108.33426086805,88.718398310896,62.7333810616437,0,0,303.12661599436,239.03258642782,"2023",643.347719226884,"Barrier",NA
"SWCCZFR1","SWCCZFR1",16.88471,-88.0567,58,165,248,330,255,615,0,0,205,210,"2018",766,NA,15.5
"SWCCZFR2","SWCCZFR2",16.8679,-88.0649,0,0,113.52703421523,162.97272407854,372.53889135398,263.424776332118,0,0,181.70795532281,162.76167790464,"2023",667.77388089202,"Barrier",NA
"SWCCZFR2","SWCCZFR2",16.86792,-88.06493,235,341,121,229,25,61,0,0,97,61,"2021",478,NA,15.1
"SWCCZFR2","SWCCZFR2",16.86805,-88.06128,300,269,0,0,16,29,0,0,260,316,"2018",576,NA,15.8
"SWCCZFR3","SWCCZFR3",16.84966,-88.06495,1495,1294,35,49,142,376,0,0,260,288,"2018",1932,NA,15.5
"SWCCZFR3","SWCCZFR3",16.8499,-88.0709,185.58437206319,169.8205305932,186.50053201154,228.29652931827,284.4762826816,201.155108570901,451.95861982628,1355.8758594788,401.90192498685,521.90554832395,"2023",1510.42173156946,"Barrier",NA
"SWCCZFR3","SWCCZFR3",16.84992,-88.07088,1354,3145,203,328,29,51,0,0,372,504,"2021",1958,NA,11.5
"SWCCZFR4","SWCCZFR4",16.83376,-88.06993,240,322,296,323,0,0,0,0,141,176,"2018",677,NA,15.5
"SWCCZFR4","SWCCZFR4",16.83489,-88.07456,65,130,146,367,1,3,0,0,64,46,"2021",276,NA,11.4
"SWCCZFR4","SWCCZFR4",16.8349,-88.0746,532.04625442344,554.02643126793,38.530398827206,115.59119648162,48.269250170611,34.131514118429,523.46759071072,1570.4027721322,159.65730640509,139.87716201658,"2023",1301.97080053707,"Barrier",NA
"SWCCZFR5","SWCCZFR5",16.81828,-88.07736,13,29,17,47,284,845,0,0,20,25,"2021",334,NA,12.3
"SWCCZFR5","SWCCZFR5",16.8183,-88.0774,54.163641252743,63.635516241725,0,0,0,0,132.6964894597,398.08946837911,315.98267754139,346.74205902204,"2023",502.842808253833,"Barrier",NA
"SWCCZFR6","SWCCZFR6",16.8059,-88.07394,250,437,199,360,0,0,0,0,278,342,"2018",727,NA,15.2
"SWCCZFR6","SWCCZFR6",16.8131,-88.07774,206,160,12,35,115,280,0,0,337,362,"2021",670,NA,12.1
"SWCCZFR6","SWCCZFR6",16.8131,-88.0777,9.4442680190033,28.33280405701,9.2272060890859,27.681618267258,17.154836391833,12.1303011428109,0,0,89.038351539978,99.853685068203,"2023",124.8646620399,"Barrier",NA
"SWCGUZFR1","SWCGUZFR1",16.91365,-88.04752,689,528,24,44,0,0,0,0,306,209,"2018",1019,NA,15.5
"SWCGUZFR1","SWCGUZFR1",16.9142,-88.0499,684.49814909674,1101.408253789,200.13802347074,181.45670067131,0,0,0,0,600.79881751327,1176.6857577944,"2023",1485.43499008075,"Barrier",NA
"SWCGUZFR1","SWCGUZFR1",16.91421,-88.04989,700,937,46,136,0,0,0,0,384,588,"2021",1130,NA,12.8
"SWCGUZFR2","SWCGUZFR2",16.9036,-88.0542,58.773822433853,102.72168152912,45.36170045062,136.08510135186,206.31159015186,145.88432443376,354.44863557565,1063.345906727,69.130129123359,60.282227613162,"2023",734.025877735342,"Barrier",NA
"SWCGUZFR2","SWCGUZFR2",16.90361,-88.05419,440,632,82,130,13,40,0,0,120,93,"2021",655,NA,14.4
"SWCGUZFR2","SWCGUZFR2",16.90474,-88.05085,492,437,262,540,118,223,51,144,284,652,"2018",1207,NA,13.7
"SWCGUZFR3","SWCGUZFR3",16.78895,-88.07572,101,319,32,90,41,108,0,0,173,268,"2021",347,NA,13
"SWCGUZFR3","SWCGUZFR3",16.789,-88.0757,204.04820920208,249.25103415728,3.3294093589786,7.1062072542705,0,0,48.812809004687,146.43842701406,170.47907941657,174.89303088601,"2023",426.669506982316,"Barrier",NA
"SWCGUZFR3","SWCGUZFR3",16.78907,-88.07335,95,177,24,44,35,99,0,0,175,192,"2018",329,NA,14
"SWCGUZFR4","SWCGUZFR4",16.77758,-88.07501,182,232,18,37,48,134,0,0,31,39,"2021",279,NA,14.4
"SWCGUZFR4","SWCGUZFR4",16.7776,-88.075,515.54402168143,777.85413144504,36.963126297697,110.88937889309,17.154836391833,12.1303011428109,0,0,400.70655549765,463.6489333435,"2023",970.36853986861,"Barrier",NA
"SWCGUZFR4","SWCGUZFR4",16.77826,-88.07259,568,606,35,49,0,0,0,0,502,456,"2018",1105,NA,14.9
"SWCGUZFR5","SWCGUZFR5",16.76353,-88.07192,876,857,90,183,16,45,0,0,340,349,"2018",1322,NA,13.7
"SWCGUZFR5","SWCGUZFR5",16.76858,-88.07501,809,2428,44,66,1,3,0,0,33,56,"2021",887,NA,10.3
"SWCGUZFR5","SWCGUZFR5",16.7686,-88.075,252.33181372887,411.03968209098,0,0,47.050278750962,33.2695711615226,0,0,178.6161226314,133.79421642265,"2023",477.998215111232,"Barrier",NA
"SWCGUZFR6","SWCGUZFR6",16.75225,-88.07146,476,594,12,33,0,0,51,144,202,152,"2018",741,NA,11.9
"SWCGUZFR6","SWCGUZFR6",16.76079,-88.07356,1025,2426,9,8,83,257,0,0,65,62,"2021",1182,NA,11.4
"SWCGUZFR6","SWCGUZFR6",16.7608,-88.0736,40.018933069118,73.791266512832,9.2473765103305,24.269397689391,9.7963896155649,6.92709352831142,225.97930991314,677.93792973942,185.72465208746,179.92177183686,"2023",470.766661195613,"Barrier",NA
"Tarpon","Tarpon Patch",18.17413,-87.83186,141,228,0,0,20,42,0,0,242,240,"2018",403,NA,1
"The Anchor","The Anchor",18.0974,-87.85613,214,280,9,30,13,27,0,0,288,473,"2018",524,NA,12.9
"WFR4",NA,16.81538,-87.85217,1099,900,410,682,276,711,0,0,502,558,"2018",2287,NA,8.9
"WFR6",NA,16.83796,-87.84392,1354,1394,90,147,60,116,102,188,367,741,"2018",1973,NA,8.1
"WP3","Way Point 3",17.4481,-88.0584,33.473632943671,41.018274049933,25.19572245877,38.487101785471,428.87090979582,303.257528570268,0,0,89.530660678345,89.680765960575,"2023",577.070925876606,"Barrier",NA
"WP4_BR","West Point 4",17.3866,-87.9358,84.559648083831,137.1525476377,82.432159406618,122.20907351108,0,0,0,0,187.50660975944,241.4851340614,"2023",354.498417249889,"Atoll",NA
"WP4_BR","WP4_BR",17.38659,-87.93578,245,324,78,159,17,31,0,0,486,534,"2018",826,NA,7.6
"WP4_DFR","West Point 4",17.3835,-87.9397,797.9524544711,666.43515021936,62.496726971069,124.72483607558,1.5237142745607,1.07742869613261,0,0,702.52629375687,1668.6843244135,"2023",1564.4991894736,"Atoll",NA
"WP4_DFR","WP4_DFR",17.38347,-87.93974,720,926,121,197,78,146,0,0,420,431,"2018",1339,NA,10.7
"WP4_SFR","West Point 4",17.3836,-87.9382,250.75901218608,274.70540399584,176.61906226342,308.55155523646,12.245487019456,8.65886691038918,0,0,300.30378941736,240.13027500408,"2023",739.927350886316,"Atoll",NA
"WP4_SFR","WP4_SFR",17.38359,-87.93821,24,45,121,225,0,0,0,0,200,159,"2018",345,NA,7.6
"WP5_DFR","West Point 5",17.5465,-87.8228,2676.5096010772,5004.8385096543,148.7836903547,267.58729916453,93.134722838494,65.8561940830287,0,0,74.802480779399,154.78753026788,"2023",2993.23049504979,"Atoll",NA
"WP5_DFR","WP5_DFR",17.54603,-87.82514,201,334,0,0,24,67,0,0,139,200,"2018",364,NA,10.7
"WP5_SFR","West Point 5",17.5467,-87.8219,10.61243597077,28.077866383253,46.203907872122,122.24404982897,53.608863724477,37.9071910712832,0,0,0,0,"2023",110.425207567369,"Atoll",NA
"WP5_SFR","WP5_SFR",17.54716,-87.82292,11,31,14,40,162,457,0,0,477,342,"2018",664,NA,7.6
"WQ4","WQ4",17.43809,-87.534,220,175,0,0,13,40,0,0,286,535,"2021",519,NA,2
NA,"BZ1081",18.1755,-87.828,240.57361045582,373.20765779558,0,0,37.253889135398,26.3424776332118,0,0,36.715048969017,86.032905248917,"2023",314.542548560235,"Barrier",NA
NA,"BZ1234",18.1807,-87.8284,25.469846329847,76.409538989542,0,0,38.472860555046,27.2044205901175,523.46759071072,1570.4027721322,28.58095622452,81.970475589416,"2023",615.991253820133,"Barrier",NA
NA,"CBSFR",17.157,-87.9092,1504.6523993103,2110.8280170198,0,0,139.0692423672,98.3368043323226,0,0,493.26672894694,569.99163266434,"2023",2136.98837062444,"Atoll",NA
NA,"CZ2_SFR",17.5101,-87.7499,845.52861992351,1085.7679403606,123.21042099232,348.49169678609,0,0,0,0,165.21128595871,298.27153108915,"2023",1133.95032687454,"Atoll",NA
NA,"Pompion",16.3731,-88.0892,0,0,18.976413702676,33.137722548873,3053.3533350495,2159.04684857206,0,0,530.83256321031,957.18272495108,"2023",3603.16231196249,"Barrier",NA
NA,"Ranguana",16.331,-88.1497,604.59697049166,1419.4469348842,0,0,47.177584818233,33.3595901449761,0,0,435.12292239572,844.68634730026,"2023",1086.89747770561,"Bank",NA
NA,"SP_SFR",17.3344,-87.7877,460.07841920975,790.14252490682,270.05710670035,759.92097808453,13.593702727624,9.612199380137,0,0,118.81555245856,295.78221265445,"2023",862.544781096284,"Atoll",NA
