"Code","Name","Latitude","Longitude","tACANavg","tACANstd","tSCARavg","tSCARstd","YEAR","tHerbiBiomass","Reef Type","Depth"
"1032","Round Caye",16.4185,-88.0413,196,258,1874,1567,"2018",2070,NA,6.1
"1037","Carrie Caye",16.51746,-88.19352,175,433,1215,1640,"2018",1390,NA,6.2
"1038","Big White-Gladden Channel",16.5079,-87.9707,85,130,499,777,"2018",584,NA,7.1
"1044","South of Carrie Bow Caye",16.64572,-88.0662,1004,1155,1584,1214,"2018",2588,NA,4.6
"1045","Glover's Southwest",16.72,-87.8387,120,121,849,1134,"2018",969,NA,10.3
"1052","Glover's NW",16.8856,-87.8102,70,93,1100,699,"2018",1170,NA,4.9
"1057","West of Hat Caye",17.1692,-87.6317,367,470,1216,1384,"2018",1583,NA,7.2
"1062_BR","1062_BR",17.25613,-87.95623,514,361,1788,914,"2018",2302,NA,7.6
"1062_DFR","1062_DFR",17.25871,-87.95925,500,462,1187,975,"2018",1687,NA,10.7
"1062_SFR","1062_SFR",17.2603,-87.96102,710,374,1695,1882,"2018",2405,NA,7.6
"1062SFR","1062SFR",17.2587,-87.9593,110.09669131869,80.306859304412,460.45197971602,506.71063145405,"2023",570.54867103471,"Atoll",NA
"1064","Paranga Grounding Site",17.31848,-88.0425,471,341,4571,4022,"2018",5042,NA,4.2
"1068","Sandbore SPAG site",17.4303,-87.45177,478,317,1667,1692,"2018",2145,NA,6.1
"1071_DFR","1071_DFR",17.47784,-87.78187,800,1042,2284,2194,"2018",3084,NA,10.7
"1071_SFR","1071_SFR",17.47736,-87.78485,658,667,837,833,"2018",1495,NA,7.6
"1076B","Mackerel Hole",17.7704,-87.9914,623.7736259496,459.95369419789,3501.1493016989,4300.5513755193,"2023",4124.9229276485,"Barrier",NA
"1076B","Mackerel Hole",17.77042,-87.99141,865,535,1789,791,"2018",2654,NA,7
"1077","Coral Gardens",17.81931,-87.98686,487,390,617,545,"2018",1104,NA,9.7
"1079","Tres Cocos",17.93406,-87.93876,270,131,96,289,"2018",366,NA,5.3
"1080","Basil Jones",18.1125,-87.84692,447,542,376,326,"2018",823,NA,9.6
"1081","North of Alleys",18.17546,-87.828,248,160,185,202,"2018",433,NA,5.8
"1106","Southwest Glovers patch",16.74339,-87.85077,115,130,403,746,"2018",518,NA,1.2
"1114","WEst HalfmoonCaye park edge",17.2591,-87.5558,910,814,2357,2257,"2018",3267,NA,1.9
"1128","East of Water Caye",17.38828,-88.0456,165,223,1639,2768,"2018",1804,NA,2.1
"1177","Bugle's Caye",16.4903,-88.3236,40,79,1969,1287,"2018",2009,NA,2.5
"1178","West of Laughing Bird Caye",16.45676,-88.2093,237,433,1689,1965,"2018",1926,NA,7.3
"1192","Near Wee Wee Caye",16.75744,-88.14417,285,433,2963,1866,"2018",3248,NA,1.4
"1194","South of Curlew (sunken caye)",16.76494,-88.0761,192,248,947,1046,"2018",1139,NA,6.1
"1206","1206DFR",17.248,-87.8334,364.24683156814,640.25001664591,770.33440709208,732.42506617931,"2023",1134.58123866022,"Atoll",NA
"1206","1206SFR",17.2486,-87.8337,272.60781964782,289.22371552474,923.12247740644,959.69228015776,"2023",1195.73029705426,"Atoll",NA
"1206","Bully Bay",17.25097,-87.8386,198,244,1631,895,"2018",1829,NA,1
"1206_DFR","1206_DFR",17.24799,-87.83337,549,680,3512,1877,"2018",4061,NA,10.7
"1206_SFR","1206_SFR",17.2486,-87.83705,82,121,520,551,"2018",602,NA,7.6
"1208","South Point Wreck Site",17.15318,-87.59994,246,337,901,1144,"2018",1147,NA,1.5
"1217","Transfer Wrecksite",17.3956,-87.46557,2582,6556,334,520,"2018",2916,NA,1.5
"1221","West of SAndbore Caye",17.46172,-87.49525,261,230,2196,2113,"2018",2457,NA,1.5
"1223","Southwest of Maugre Caye",17.56664,-87.7489,2201,3358,2273,2344,"2018",4474,NA,1
"1230","North of Caye Caulker Marine Reserve",17.79961,-87.99541,1002,894,1163,1109,"2018",2165,NA,1.4
"1231","North of Hol Chan MR",17.8817,-87.96947,422,327,879,972,"2018",1301,NA,5.8
"1234","North of Mexico Rocks",18.186,-87.83305,180,129,92,233,"2018",272,NA,5.9
"2056","Sianora Dive Site",17.19558,-87.9318,794,765,1321,1816,"2018",2115,NA,11.3
"2065","East of Turneffe Flats",17.41428,-87.8094,2888,3532,2098,2163,"2018",4986,NA,4.7
"2220","West of Jack Barrow Camp",17.54819,-87.821,269,537,3746,3515,"2018",4015,NA,1
"BCMR31","BCMR31",18.11352,-87.83405,365,369,607,634,"2018",972,NA,14.2
"BCMR39","BCMR39",18.09995,-87.85304,445,373,878,1016,"2018",1323,NA,14.5
"BZ-TAMR-01","WP4-DFR",17.38347,-87.93974,62,80,1193,865,"2021",1255,NA,12.4
"BZ-TAMR-02","WP4-BR",17.38659,-87.93578,60,92,342,867,"2021",402,NA,1.9
"BZ-TAMR-03","WP4-SFR",17.38359,-87.93821,244,513,216,448,"2021",460,NA,1.9
"BZ-TAMR-04","1206-DFR",17.24799,-87.83336,45,99,569,742,"2021",614,NA,12.3
"BZ-TAMR-05","1206-BR",17.24913,-87.83865,96,108,590,922,"2021",686,NA,1.2
"BZ-TAMR-06","1206-SFR",17.2486,-87.83705,204,191,1169,1383,"2021",1373,NA,9.5
"BZ-TAMR-07","WP5-DFR",17.54654,-87.82282,68,62,405,485,"2021",473,NA,10.1
"BZ-TAMR-08","WP5-BR",17.54707,-87.82041,98,170,257,347,"2021",355,NA,2
"BZ-TAMR-09","WP5-SFR",17.54674,-87.82186,170,252,919,524,"2021",1089,NA,6.7
"BZ-TAMR-10","MP-DFR",17.62112,-87.78891,464,686,1458,1224,"2021",1922,NA,11.5
"BZ-TAMR-11","MP-SFR",17.62051,-87.78842,292,222,2377,1455,"2021",2669,NA,7
"BZ-TAMR-12","CZ2-DFR",17.51001,-87.74921,266,266,1132,1293,"2021",1398,NA,15
"BZ-TAMR-13","1062-DFR",17.2603,-87.96102,678,768,437,367,"2021",1115,NA,12.2
"BZ-TAMR-14","1062-SFR",17.25871,-87.95925,757,1138,649,759,"2021",1406,NA,5
"BZ-TAMR-15","1062-BR",17.25613,-87.95623,161,115,961,1434,"2021",1122,NA,2.6
"BZ-TAMR-16","CB-SFR",17.15698,-87.90921,768,501,1177,1785,"2021",1945,NA,5.9
"BZ-TAMR-17","CB-BR",17.15853,-87.91022,804,1608,1574,2215,"2021",2378,NA,3
"BZ-TAMR-18","SP-DFR",17.33406,-87.78709,706,1710,736,1011,"2021",1442,NA,9.2
"BZ1019","South Tip of Sapodillas",16.10412,-88.32987,12,10,1215,792,"2021",1227,NA,2.3
"BZ1019","South Tip of Sapodillas",16.10412,-88.32987,110,156,2646,2485,"2018",2756,NA,3
"BZ1019","White Reef",16.1041,-88.3299,4150.5065747944,11794.783898661,5758.8515438715,5708.7195620054,"2023",9909.3581186659,"Barrier",NA
"BZ1026","Coral Forest",16.1791,-88.34,1756.2702142186,4057.8186830095,5630.5469927845,4106.7237251193,"2023",7386.8172070031,"Barrier",NA
"BZ1032","Round Caye",16.4185,-88.0413,246,150,319,372,"2021",565,NA,6.4
"BZ1037","Carrie Caye",16.5175,-88.1935,129.70386058847,229.46979718903,3001.6704780822,2573.5126837986,"2023",3131.37433867067,"Lagoonal",NA
"BZ1037B","Carrie Caye",16.51861,-88.19308,1,3,1051,1046,"2021",1052,NA,5.8
"BZ1041","Gladden Caye",16.558,-88.0507,20,27,669,1037,"2018",689,NA,2.5
"BZ1041","Gladden Caye",16.558,-88.0507,1983.7944868206,3831.6805470785,1869.9484023178,3167.9317269766,"2023",3853.7428891384,"Barrier",NA
"BZ1041.","Gladden Caye",16.558,-88.0507,392,1055,1981,3174,"2021",2373,NA,3.7
"BZ1043","South Water Caye",16.6302,-88.2061,0,0,1756.522205176,3786.8641422991,"2023",1756.522205176,"Lagoonal",NA
"BZ1045","Glover’s Reef Southwest",16.72,-87.8387,767.23890145349,536.46427691823,2788.1209623471,2119.9539559111,"2023",3555.35986380059,"Atoll",NA
"BZ1045","Glovers Reef Southwest",16.72,-87.8387,121,161,319,471,"2021",440,NA,6.2
"BZ1047","Glover’s Reef",16.7705,-87.8716,292.05701096259,237.04736574281,8096.9445123495,5143.3060478528,"2023",8389.00152331209,"Atoll",NA
"BZ1049","Glovers Reef",16.7841,-87.75241,308,263,1176,2338,"2021",1484,NA,4.6
"BZ1049","Glovers Reef, Glovers Reef",16.7841,-87.7524,583.28743940775,557.05321148929,1980.9470274634,2489.8702863959,"2023",2564.23446687115,"Atoll",NA
"BZ1050","Glover's Northeast",16.88532,-87.70304,82,110,876,1028,"2018",958,NA,9.9
"BZ1050","Glover's Reef Northeast",16.8853,-87.703,430.67409815064,415.39883550788,4280.4287543268,4218.7627791646,"2023",4711.10285247744,"Atoll",NA
"BZ1050","Glover's Reef Northeast",16.88532,-87.70304,38,43,361,736,"2021",399,NA,7.5
"BZ1052","Glover's Reef Northwest",16.8856,-87.8102,80,121,566,548,"2021",646,NA,5.4
"BZ1052","Glover's Reef Northwest(east)",16.8856,-87.8102,102.68363551353,79.631667577475,5359.611574423,6977.6542860429,"2023",5462.29520993653,"Atoll",NA
"BZ1055",NA,17.132,-87.603,525,348,858,761,"2018",1383,NA,6.4
"BZ1062","1062DFR",17.2603,-87.961,140.26267588819,144.15761421933,832.49797415658,1137.7846521645,"2023",972.76065004477,"Atoll",NA
"BZ1063","Lighthouse",17.3513,-87.482,942,665,963,1247,"2018",1905,NA,11.7
"BZ1064","Paranga Grounding",17.3185,-88.0425,647.96877042206,711.63489708654,1749.1147768717,2094.6055596346,"2023",2397.08354729376,"Barrier",NA
"BZ1064","Paranga Grounding Site",17.31848,-88.0425,311,273,4531,3065,"2021",4842,NA,4.3
"BZ1070","North Gallows",17.4882,-88.04193,1440,3384,1773,1159,"2021",3213,NA,3.5
"BZ1077","Coral Gardens",17.8193,-87.9869,233.76394546254,237.66165440003,992.48325739804,984.35579101597,"2023",1226.24720286058,"Barrier",NA
"BZ1077","Coral Gardens",17.81931,-87.98686,293,403,1243,1304,"2021",1536,NA,6.6
"BZ1079","Tres Cocos",17.93406,-87.93876,459,245,2810,3395,"2021",3269,NA,7.7
"BZ1079","Tres Cocos",17.9341,-87.9388,258.79542020978,306.70879781104,1514.5989059053,2320.2615479119,"2023",1773.39432611508,"Barrier",NA
"BZ1080","Basil Jones",18.08799,-87.86372,577,271,2481,4056,"2021",3058,NA,6.5
"BZ1080","Basil Jones",18.088,-87.8637,337.99574955006,319.65361996394,2003.3249676534,1609.4600567259,"2023",2341.32071720346,"Barrier",NA
"BZ1081","North of Alleys",18.17546,-87.828,1139,1350,1558,1706,"2021",2697,NA,7.8
"BZ1098","Traps Caye",16.4953,-88.1685,76.836568900686,122.61786088691,3415.0144684983,2348.4783142331,"2023",3491.85103739899,"Lagoonal",NA
"BZ1098","Traps Caye, Moho",16.4953,-88.1685,9,28,906,1185,"2021",915,NA,5.9
"BZ1100","Baker Caye",16.5509,-88.1996,0,0,88.606596382602,144.40113096352,"2023",88.606596382602,"Bank",NA
"BZ1100","Baker Caye",16.5509,-88.1996,0,0,255,398,"2021",255,NA,2.8
"BZ1103","NE Range",16.6584,-88.0956,835.10232021412,1193.1524221648,573.80254685471,288.28290587192,"2023",1408.90486706883,"Bank",NA
"BZ1104","North of Middle Caye",16.75118,-87.8214,606,848,2351,1943,"2018",2957,NA,1.5
"BZ1104","North of Middle Caye",16.75118,-87.82139,25,46,214,328,"2021",239,NA,2.7
"BZ1104","North of Middle Caye",16.7512,-87.8214,5777.2575790258,14480.191173883,989.52317918393,1081.4654569419,"2023",6766.78075820973,"Atoll",NA
"BZ1105","South Water  Caye Reef",16.7365,-88.1485,250.4080980373,528.94793470107,541.36065361419,662.32583609375,"2023",791.76875165149,"Bank",NA
"BZ1106","Southwest Glover’s Patch",16.7434,-87.8508,2931.6438367495,5475.6399956637,2921.2976467738,2906.7266375505,"2023",5852.9414835233,"Atoll",NA
"BZ1106","Southwest Glovers Patch",16.74339,-87.85077,121,177,1435,1806,"2021",1556,NA,1.9
"BZ1109","Glover's North inner patch",16.88644,-87.78005,158,229,142,257,"2018",300,NA,1.3
"BZ1109","Glover's North Inner Patch",16.8864,-87.7801,1559.1720622937,2402.4554968924,272.96366030124,266.44263956067,"2023",1832.13572259494,"Atoll",NA
"BZ1109","Glover's North Inner Patch",16.88644,-87.78005,32,83,9,10,"2021",41,NA,1.2
"BZ1112","Rendezvous",17.2451,-88.0522,238.20548099683,458.87867681678,1567.8824312433,1054.7037843903,"2023",1806.08791224013,"Barrier",NA
"BZ1112","Rendezvous Caye Patch",17.24508,-88.05223,8,14,2332,1110,"2021",2340,NA,5.9
"BZ1112","Rendezvous Caye Patch",17.24508,-88.05223,585,829,6868,4155,"2018",7453,NA,8.8
"BZ1118","Robinson area flats",17.3524,-88.1501,900.23308642147,1032.3855368124,758.19601136715,890.43737915637,"2023",1658.42909778862,"Lagoonal",NA
"BZ1124","Nothing Special",16.1548,-88.3299,188.0699103243,368.8061567664,3105.4760843316,1017.2743091076,"2023",3293.5459946559,"Barrier",NA
"BZ1124","Southwest of Seal Caye",16.1548,-88.3729,0,0,904,607,"2021",904,NA,8
"BZ1124","Southwest of Seal Caye",16.1548,-88.3729,168,307,2137,1179,"2018",2305,NA,10.3
"BZ1128","East of Water Caye",17.385,-88.04222,3335,9359,1421,904,"2021",4756,NA,2.4
"BZ1128","Spanish Bay",17.3883,-88.0456,153.02881484613,251.27281565556,1611.3078310271,1056.9634358556,"2023",1764.33664587323,"Barrier",NA
"BZ1130","Rise & Fall",16.0682,-88.3011,498.83832774784,439.57467624511,1981.6316415476,1626.1561705537,"2023",2480.46996929544,"Bank",NA
"BZ1149","Seal Caye",16.1237,-88.3787,4441.1377859378,13080.247053824,4451.6637097493,2599.9687755671,"2023",8892.8014956871,"Barrier",NA
"BZ1149","Southwest of Seal Caye",16.12373,-88.37861,440,1278,1020,299,"2021",1460,NA,8.3
"BZ1177","Bugle's Caye",16.4903,-88.3236,91,258,226,243,"2021",317,NA,2.7
"BZ1177","Bugle's Caye",16.4903,-88.3236,217.78181466858,578.61395045132,2072.6497955639,1898.5526268094,"2023",2290.43161023248,"Lagoonal",NA
"BZ1178","NA,NA",16.4563,-88.2097,65.866824593245,130.39377889008,2019.0870007263,2125.8723279006,"2023",2084.95382531955,"Lagoonal",NA
"BZ1178","West of Laughing Bird Caye",16.4563,-88.2097,49,109,1162,1397,"2021",1211,NA,6.5
"BZ1186","False Caye",16.6034,-88.3342,0,0,1930.7894239851,1135.4171292102,"2023",1930.7894239851,"Lagoonal",NA
"BZ1192","Wee Wee Cay",16.7574,-88.1442,737.94215507288,1017.7190519861,988.5815298812,998.93077442254,"2023",1726.52368495408,"Bank",NA
"BZ1215","Robinson Point Caye",17.3568,-88.1709,181.39288731304,345.05225948557,589.42546360267,734.65932859956,"2023",770.81835091571,"Lagoonal",NA
"BZ1229","BZ1229",17.6876,-88.0161,4076.7764247784,9050.14894678,5401.8818262217,1696.4803647476,"2023",9478.6582510001,"Barrier",NA
"BZ1229","Caye Chapel",17.68764,-88.01608,185,135,1644,1383,"2021",1829,NA,1.8
"BZ1230","North of Caye Caulker Marine Reserve",17.7996,-87.9954,360.06699613396,443.88586466697,1789.7779891856,1117.6597887122,"2023",2149.84498531956,"Barrier",NA
"BZ1230","North of Caye Caulker MR",17.79961,-87.99541,63,132,401,614,"2021",464,NA,2.3
"BZ1231","North of Hol Chan Marine Reserve",17.8817,-87.9695,121.13534438323,285.19601174938,293.77708456239,466.21323819161,"2023",414.91242894562,"Barrier",NA
"BZ1231","North of Hol Chan MR",17.8817,-87.96947,232,381,61,185,"2021",293,NA,1.3
"BZ1234","North of Mexico Rocks",18.186,-87.83305,263,311,802,1004,"2021",1065,NA,1.6
"BZ2027",NA,16.2472,-88.176,129,214,1215,1251,"2018",1344,NA,9.1
"BZ2027B",NA,16.24728,-88.17989,104,151,97,168,"2021",201,NA,8
"BZ2054","Caye Glory",17.0975,-88.0077,642.02944591173,310.44381823403,2556.3766364051,881.24054293874,"2023",3198.40608231683,"Barrier",NA
"BZ2061","Lighthouse",17.2574,-87.572,1342,828,1252,1148,"2018",2594,NA,6.1
"BZ2066","Lighthouse",17.3097,-87.584,1622,1104,1269,1065,"2018",2891,NA,8.9
"BZ2070","Gallows",17.4496,-88.0324,2658,5544,1178,1053,"2021",3836,NA,1.4
"BZ2070","Gallows Flat",17.4496,-88.0324,1534,3423,2898,3186,"2018",4432,NA,8.9
"BZ2202","Lighthouse",17.129,-87.615,296,349,124,174,"2018",420,NA,0.9
"BZBCCB01","Barracuda Patch",18.16878,-87.834,315,291,725,693,"2018",1040,NA,5.5
"BZBCCB01","Barracuda Patch",18.16878,-87.834,358,373,3261,4410,"2021",3619,NA,1.8
"BZCGMF","Caye Glory",17.0853,-87.9878,346.11354515546,245.04421339508,3837.7288957112,6181.4756465364,"2023",4183.84244086666,"Barrier",NA
"BZHCCD01","BZHCCD01",17.8684,-87.9722,223.63595306744,222.22696813497,2840.7854298945,2034.3620178177,"2023",3064.42138296194,"Barrier",NA
"BZHCCD02","BZHCCD02",17.8426,-87.9794,635.13025028892,954.51010260717,2033.275920227,1665.9583402422,"2023",2668.40617051592,"Barrier",NA
"BZPHMR01","Daly Bank",16.33054,-88.34744,66,185,3644,4116,"2018",3710,NA,7.9
"BZPHMR02","BZPHMR02",16.1595,-88.4102,0,0,4607.7588652827,3191.9230000836,"2023",4607.7588652827,"Barrier",NA
"BZPHMR02","Spanish Bank",16.15951,-88.41017,159,270,6113,4841,"2018",6272,NA,7.9
"BZPHMR03","East Snake Caye",16.20594,-88.50809,444,594,7734,9020,"2018",8178,NA,4
"BZPHMR04","Middle Snake Caye",16.20152,-88.55112,273,547,14203,19283,"2018",14476,NA,3.5
"BZPHMR05","South Snake Caye",16.17913,-88.56444,113,267,8572,6825,"2018",8685,NA,3.3
"BZPHMR06","West Snake Caye",16.18874,-88.56981,599,871,7565,7379,"2018",8164,NA,3.8
"BZPHMR07","Bank 3",16.15346,-88.59153,150,280,849,1193,"2018",999,NA,4.9
"BZPHMR08","Bank 2",16.17936,-88.55684,1105,1435,8012,8080,"2018",9117,NA,5.3
"BZPHMR09","French Man",16.17925,-88.6364,3716,10078,8637,10603,"2018",12353,NA,2.5
"BZPHMR10","Wilson",16.22111,-88.58796,208,576,16914,19396,"2018",17122,NA,3.3
"BZSCMR","Preservation Zone",16.1506,-88.2429,1076.6255658593,2630.2738268982,8687.7452609684,8893.5733148356,"2023",9764.3708268277,"Barrier",NA
"CB_BR","CB_BR",17.15853,-87.91023,405,234,2471,3046,"2018",2876,NA,2.1
"CB_DFR","CB_DFR",17.14891,-87.90773,916,993,2925,1410,"2018",3841,NA,10.7
"CB_SFR","CB_SFR",17.15698,-87.90921,434,165,1204,1132,"2018",1638,NA,7.6
"CBDFR","CBDFR",17.157,-87.9079,169.81864589973,154.74376664267,802.93418910701,760.66938143736,"2023",972.75283500674,"Atoll",NA
"CC01","Corona Caiman",15.95446,-88.28024,230,305,533,416,"2021",763,NA,14
"CC01","Corona Caiman",15.9545,-88.2802,148.16764432858,241.27198218564,673.26006396363,690.53544988177,"2023",821.42770829221,"Bank",NA
"CC02","Corona Caiman sensor temp",15.9695,-88.2985,245.59046224219,338.30609610525,525.83413650897,633.74338107511,"2023",771.42459875116,"Bank",NA
"CC02","Corona Caiman sensor temp",15.96953,-88.29851,362,260,491,415,"2021",853,NA,16.1
"CCSC","Caye Caulker Southern Channel",17.7256,-88.0109,491.93958993441,344.91264781667,5295.996460732,4719.4956916559,"2023",5787.93605066641,"Barrier",NA
"Control","Control",18.06742,-87.86975,373,475,860,1621,"2018",1233,NA,15.4
"Coral Lane","Coral Lane",17.3072,-88.0538,786.36234137871,1349.9618859613,2956.1000726572,2067.7017422257,"2023",3742.46241403591,"Barrier",NA
"CZ2_DFR","Cockroach Zone",17.51,-87.7492,458.08172443657,322.88128785482,2053.2205115654,2300.1328257481,"2023",2511.30223600197,"Atoll",NA
"CZ2_DFR","CZ2_DFR",17.51001,-87.74921,446,295,1302,1276,"2018",1748,NA,10.7
"CZ2_SFR","CZ2_SFR",17.51015,-87.74994,860,647,2451,2874,"2018",3311,NA,8.6
"CZFR2","CZFR2",16.7369,-87.8077,452.01231308774,287.79186859657,3629.8766810973,1787.9502708556,"2023",4081.88899418504,"Atoll",NA
"CZFR2",NA,16.73689,-87.80771,0,0,716,512,"2018",716,NA,14.7
"CZPR4",NA,16.76369,-87.80431,3,9,12,40,"2018",15,NA,1.5
"FIDO","Fido's Secret Wall",18.17344,-87.82841,206,308,2638,3301,"2018",2844,NA,11.4
"Goff's Caye","Goff's Caye",17.3521,-88.0385,562.30090980277,690.07802270041,2599.8956204319,1376.6131262256,"2023",3162.19653023467,"Barrier",NA
"GSMBRS1","Gladden Spit",16.45231,-88.04171,603,1351,570,334,"2021",1173,NA,3.2
"HolChan","Hol Chan",17.85897,-87.97327,76,130,564,742,"2021",640,NA,13.8
"LAST","Last Resort",18.16356,-87.83042,143,169,380,327,"2018",523,NA,4.4
"LBCMBRS1","Laughing Bird 1",16.42794,-88.20604,31,64,999,627,"2021",1030,NA,6.8
"LBCMBRS1","Laughing Bird Caye 1",16.4279,-88.206,182.47439744415,299.0685497803,2649.9054925186,2071.0479126851,"2023",2832.37988996275,"Lagoonal",NA
"LBCMBRS2","Laughing Bird 2",16.44383,-88.19778,37,74,826,1187,"2021",863,NA,2.3
"LBCMBRS2","Laughing Bird Caye 2",16.4438,-88.1978,151.83988328075,170.69941914844,5612.7200863565,7730.1278192057,"2023",5764.55996963725,"Lagoonal",NA
"MP_DFR","Mauger Point",17.6211,-87.7889,614.34713846131,745.95707562139,3663.6866934502,2629.1339197194,"2023",4278.03383191151,"Atoll",NA
"MP_DFR","MP_DFR",17.62305,-87.79146,210,143,1492,1848,"2018",1702,NA,10.7
"MP_SFR","Mauger Point",17.6205,-87.7884,811.65727028819,536.86016112267,4362.536196243,2129.6468652681,"2023",5174.19346653119,"Atoll",NA
"MP_SFR","MP_SFR",17.62194,-87.78979,375,207,1803,1239,"2018",2178,NA,7.6
"MXRCK","Mexico Rocks",17.99067,-87.90297,136,170,337,616,"2021",473,NA,13.5
"MXRCK","Mexico Rocks",17.9907,-87.903,563.8770903273,505.59159404498,682.85473971284,678.77332984227,"2023",1246.73183004014,"Barrier",NA
"Nicholas Caye","Nicholas Caye",16.1123,-88.256,708.57512069086,656.04987319699,2133.2382972361,1167.8042384767,"2023",2841.81341792696,"Barrier",NA
"PALM","Palm Spring",18.06523,-87.87831,420,359,214,242,"2018",634,NA,1.8
"PHMR 01","Bank 3",16.15347,-88.59154,6,12,460,651,"2021",466,NA,8
"PHMR 02","Frenchman",16.17925,-88.63641,1,3,661,566,"2021",662,NA,3.6
"PHMR 03","Daly Bank",16.33055,-88.34744,24,43,588,1101,"2021",612,NA,8.2
"PHMR 04","Spanish Bank",16.15952,-88.41018,0,0,859,731,"2021",859,NA,8.8
"PHMR 05","East Snake Caye",16.20594,-88.50809,600,1346,320,313,"2021",920,NA,4.1
"PHMR 06","Middle Snake Caye",16.20153,-88.55112,400,723,423,281,"2021",823,NA,2.8
"PHMR 07","West Snake Caye",16.18875,-88.56981,88,147,445,434,"2021",533,NA,4.1
"PHMR 08","South Snake Caye",16.17914,-88.56445,18,57,227,222,"2021",245,NA,2.3
"PHMR 09","Wilson Caye",16.22111,-88.58796,0,0,477,524,"2021",477,NA,1.5
"PHMR 10","BANK 2",16.17936,-88.55684,248,746,702,435,"2021",950,NA,3.9
"Pig Sty","Pig Sty",18.18163,-87.82744,575,436,602,580,"2018",1177,NA,11.3
"R01","LHRA",17.4735,-87.4864,501.52232807443,689.59524183342,681.02289673741,549.4470161272,"2023",1182.54522481184,"Atoll",NA
"R02","LHRA",17.4719,-87.4873,371.63261531499,423.0504151491,2316.4993459644,2516.9475698366,"2023",2688.13196127939,"Atoll",NA
"R03","LHRA",17.4618,-87.4986,4639.8515055962,10409.112909735,7556.6208699043,15251.764068879,"2023",12196.4723755005,"Atoll",NA
"R04","LHRA",17.4459,-87.5283,215.23097942402,192.64974618297,1831.8267405944,970.17099474861,"2023",2047.05772001842,"Atoll",NA
"R05","LHRA",17.4432,-87.5293,170.73805678522,224.04585155435,1615.5911312361,1425.6166411251,"2023",1786.32918802132,"Atoll",NA
"R06","LHRA",17.3923,-87.4624,164.96622973575,194.61531334781,564.34279964258,407.66334754061,"2023",729.30902937833,"Atoll",NA
"R07","LHRA",17.3936,-87.4635,309.90338412806,311.58195114841,230.20645658025,445.35774631346,"2023",540.10984070831,"Atoll",NA
"R08","LHRA",17.3837,-87.5184,84.603346302451,120.10433808354,44.454733613028,58.967126966602,"2023",129.058079915479,"Atoll",NA
"R10 DFR","LHRA",17.3097,-87.5836,198.07551725591,173.29625307779,531.4247153233,439.73659086557,"2023",729.50023257921,"Atoll",NA
"R10 DFR","R10 DFR",17.3097,-87.58365,960,1303,1151,1061,"2021",2111,NA,3.6
"R11 SFR","LHRA",17.2574,-87.572,199.8014332966,475.74682462075,127.77493097768,148.50117260477,"2023",327.57636427428,"Atoll",NA
"R11 SFR","R11 SFR",17.25742,-87.57198,216,228,430,315,"2021",646,NA,10.6
"R12","LHRA",17.2243,-87.6046,133.94157632169,120.5889596981,346.05407097774,356.56818304513,"2023",479.99564729943,"Atoll",NA
"R13 SFR","LHRA",17.226,-87.6015,108.32621859255,158.90406691747,284.11158911849,182.60339812642,"2023",392.43780771104,"Atoll",NA
"R13 SFR","R13 SFR",17.22598,-87.60154,141,153,690,647,"2021",831,NA,8.4
"R14","LHRA",17.2237,-87.5638,15.578878295259,20.821765949659,1097.8282496628,1248.4540306801,"2023",1113.40712795806,"Atoll",NA
"R15 DFR","LHRA",17.2032,-87.5422,96.232356644951,148.31214167236,1070.2670528882,1302.6566094276,"2023",1166.49940953315,"Atoll",NA
"R15 DFR","R15 DFR",17.20323,-87.54223,130,96,2831,4199,"2021",2961,NA,11
"R16 DFR","LHRA",17.2032,-87.5249,172.9536212809,226.71596961779,243.09291320938,373.0042938346,"2023",416.04653449028,"Atoll",NA
"R16 DFR","R16 DFR",17.20319,-87.52493,328,345,1314,1225,"2021",1642,NA,13.6
"R17 SFR","LHRA",17.2034,-87.5281,326.56015000629,355.15254063471,580.45623368545,839.80485368356,"2023",907.01638369174,"Atoll",NA
"R17 SFR","R17 SFR",17.20341,-87.52811,100,100,814,727,"2021",914,NA,5.3
"R18 BR","LHRA",17.1862,-87.6121,599.23962330877,972.80562137871,590.50964557884,447.50644695989,"2023",1189.74926888761,"Atoll",NA
"R18 BR","R18 BR",17.18617,-87.61214,153,133,662,723,"2021",815,NA,1.8
"R19","LHRA",17.1242,-87.6208,155.76491798687,240.9609832974,338.70695748201,482.03270041495,"2023",494.47187546888,"Atoll",NA
"R2 SFR","R2 SFR",17.47189,-87.48732,120,102,511,575,"2021",631,NA,4.3
"R20 SFR","LHRA",17.131,-87.6064,222.85280432661,307.05156773077,728.11015197049,636.98055069733,"2023",950.9629562971,"Atoll",NA
"R20 SFR","R20 SFR",17.13101,-87.60639,306,320,429,428,"2021",735,NA,6.1
"R21 BR","LHRA",17.1352,-87.6206,814.59532436552,1993.6870644377,377.81028869218,247.15724156571,"2023",1192.4056130577,"Atoll",NA
"R21 BR","R21 BR",17.13524,-87.62064,487,571,633,720,"2021",1120,NA,2.4
"R22","LHRA",17.4381,-87.534,302.47749693653,289.43313206437,650.76980517261,737.94509114416,"2023",953.24730210914,"Atoll",NA
"R23","LHRA",17.2066,-87.5307,273.39336554968,426.67733977168,633.84629833714,932.25351010977,"2023",907.23966388682,"Atoll",NA
"R24","LHRA",17.3147,-87.5345,190.52284669962,330.74315212675,1782.0219797628,667.76740530037,"2023",1972.54482646242,"Atoll",NA
"R4 DFR","R4 DFR",17.44595,-87.52826,295,238,760,722,"2021",1055,NA,10.4
"R6 DFR","R6 DFR",17.39226,-87.46236,171,181,793,831,"2021",964,NA,11.2
"R7 SFR","R7 SFR",17.39364,-87.46348,181,233,614,1457,"2021",795,NA,6.3
"R9 BR","LHRA",17.3165,-87.5302,351.03336780103,572.58205432358,3645.784141157,2236.2639165802,"2023",3996.81750895803,"Atoll",NA
"R9 BR","R9 BR",17.31648,-87.53019,704,1686,3728,3922,"2021",4432,NA,4.2
"Rainbow","Rainbow Reef",18.08934,-87.86808,322,219,576,377,"2018",898,NA,1
"RPN","Rocky Point North",18.11949,-87.82177,415,598,577,664,"2018",992,NA,12.7
"SP_DFR","Soldier Point",17.3341,-87.7871,234.64399422942,405.21057913456,713.51252802824,906.69468045601,"2023",948.15652225766,"Atoll",NA
"SP_DFR","SP_DFR",17.33406,-87.78709,157,214,1217,1153,"2018",1374,NA,10.7
"SP_SFR","SP_SFR",17.33352,-87.78812,841,561,1252,1455,"2018",2093,NA,7.6
"SWCCZFR1","SWCCZFR1",16.88466,-88.06055,720,1627,534,508,"2021",1254,NA,13.6
"SWCCZFR1","SWCCZFR1",16.8847,-88.0606,370.99744412052,439.66938530995,1231.4742211555,921.03762894923,"2023",1602.47166527602,"Barrier",NA
"SWCCZFR1","SWCCZFR1",16.88471,-88.0567,552,255,1998,1291,"2018",2550,NA,15.5
"SWCCZFR2","SWCCZFR2",16.8679,-88.0649,305.92540493702,252.33072941019,761.85905065641,611.02576375184,"2023",1067.78445559343,"Barrier",NA
"SWCCZFR2","SWCCZFR2",16.86792,-88.06493,181,153,767,734,"2021",948,NA,15.1
"SWCCZFR2","SWCCZFR2",16.86805,-88.06128,387,313,1811,1567,"2018",2198,NA,15.8
"SWCCZFR3","SWCCZFR3",16.84966,-88.06495,257,156,3336,2147,"2018",3593,NA,15.5
"SWCCZFR3","SWCCZFR3",16.8499,-88.0709,208.46396286539,162.90193306651,1241.2043630154,702.0634873837,"2023",1449.66832588079,"Barrier",NA
"SWCCZFR3","SWCCZFR3",16.84992,-88.07088,215,285,1988,2075,"2021",2203,NA,11.5
"SWCCZFR4","SWCCZFR4",16.83376,-88.06993,139,135,1135,851,"2018",1274,NA,15.5
"SWCCZFR4","SWCCZFR4",16.83489,-88.07456,45,54,618,861,"2021",663,NA,11.4
"SWCCZFR4","SWCCZFR4",16.8349,-88.0746,140.56772608612,94.02481280108,1579.2210670249,1061.297438823,"2023",1719.78879311102,"Barrier",NA
"SWCCZFR5","SWCCZFR5",16.81828,-88.07736,37,55,423,333,"2021",460,NA,12.3
"SWCCZFR5","SWCCZFR5",16.8183,-88.0774,233.54497658566,418.96798950507,625.23786211213,350.04147008798,"2023",858.78283869779,"Barrier",NA
"SWCCZFR6","SWCCZFR6",16.8059,-88.07394,389,229,2133,1662,"2018",2522,NA,15.2
"SWCCZFR6","SWCCZFR6",16.8131,-88.07774,800,1933,653,483,"2021",1453,NA,12.1
"SWCCZFR6","SWCCZFR6",16.8131,-88.0777,81.469382539396,85.634779616882,968.67990482957,512.65209829145,"2023",1050.14928736897,"Barrier",NA
"SWCGUZFR1","SWCGUZFR1",16.91365,-88.04752,406,180,2135,1589,"2018",2541,NA,15.5
"SWCGUZFR1","SWCGUZFR1",16.9142,-88.0499,280.67014150425,188.51506124448,786.84272863455,410.61366187325,"2023",1067.5128701388,"Barrier",NA
"SWCGUZFR1","SWCGUZFR1",16.91421,-88.04989,162,251,354,381,"2021",516,NA,12.8
"SWCGUZFR2","SWCGUZFR2",16.9036,-88.0542,275.1566859902,142.6019884775,826.67212754813,566.83268512122,"2023",1101.82881353833,"Barrier",NA
"SWCGUZFR2","SWCGUZFR2",16.90361,-88.05419,101,87,1271,1679,"2021",1372,NA,14.4
"SWCGUZFR2","SWCGUZFR2",16.90474,-88.05085,359,344,1771,1196,"2018",2130,NA,13.7
"SWCGUZFR3","SWCGUZFR3",16.78895,-88.07572,144,202,1770,2095,"2021",1914,NA,13
"SWCGUZFR3","SWCGUZFR3",16.789,-88.0757,494.78431340355,892.07663461217,1138.1648212076,744.55488983359,"2023",1632.94913461115,"Barrier",NA
"SWCGUZFR3","SWCGUZFR3",16.78907,-88.07335,258,194,2111,1013,"2018",2369,NA,14
"SWCGUZFR4","SWCGUZFR4",16.77758,-88.07501,61,83,383,315,"2021",444,NA,14.4
"SWCGUZFR4","SWCGUZFR4",16.7776,-88.075,188.02548969338,188.95703700554,849.28041917434,627.21744064026,"2023",1037.30590886772,"Barrier",NA
"SWCGUZFR4","SWCGUZFR4",16.77826,-88.07259,487,181,1344,1098,"2018",1831,NA,14.9
"SWCGUZFR5","SWCGUZFR5",16.76353,-88.07192,187,169,3355,1992,"2018",3542,NA,13.7
"SWCGUZFR5","SWCGUZFR5",16.76858,-88.07501,45,44,940,1124,"2021",985,NA,10.3
"SWCGUZFR5","SWCGUZFR5",16.7686,-88.075,194.72369288179,151.41238055876,358.92652798092,353.02811384929,"2023",553.65022086271,"Barrier",NA
"SWCGUZFR6","SWCGUZFR6",16.75225,-88.07146,350,223,4543,2143,"2018",4893,NA,11.9
"SWCGUZFR6","SWCGUZFR6",16.76079,-88.07356,1793,5549,424,503,"2021",2217,NA,11.4
"SWCGUZFR6","SWCGUZFR6",16.7608,-88.0736,121.07147043594,125.9831461097,297.69123183701,216.86632446434,"2023",418.76270227295,"Barrier",NA
"Tarpon","Tarpon Patch",18.17413,-87.83186,153,260,112,228,"2018",265,NA,1
"The Anchor","The Anchor",18.0974,-87.85613,631,1055,1027,1037,"2018",1658,NA,12.9
"WFR4",NA,16.81538,-87.85217,414,352,3310,3680,"2018",3724,NA,8.9
"WFR6",NA,16.83796,-87.84392,5605,9707,3145,2603,"2018",8750,NA,8.1
"WP3","Way Point 3",17.4481,-88.0584,63.692436326902,70.694861642107,199.15439235644,308.37327535254,"2023",262.846828683342,"Barrier",NA
"WP4_BR","West Point 4",17.3866,-87.9358,375.05585769203,304.16211057387,233.07365243583,220.04470243031,"2023",608.12951012786,"Atoll",NA
"WP4_BR","WP4_BR",17.38659,-87.93578,92,102,1270,864,"2018",1362,NA,7.6
"WP4_DFR","West Point 4",17.3835,-87.9397,656.31189234294,1169.6094826851,2472.0841288931,3093.2011102685,"2023",3128.39602123604,"Atoll",NA
"WP4_DFR","WP4_DFR",17.38347,-87.93974,434,628,1420,1453,"2018",1854,NA,10.7
"WP4_SFR","West Point 4",17.3836,-87.9382,186.44419148035,323.15460468989,451.86079011721,315.7742493312,"2023",638.30498159756,"Atoll",NA
"WP4_SFR","WP4_SFR",17.38359,-87.93821,417,126,2061,1426,"2018",2478,NA,7.6
"WP5_DFR","West Point 5",17.5465,-87.8228,358.34502891629,192.54432966781,2285.2743619454,3200.092066976,"2023",2643.61939086169,"Atoll",NA
"WP5_DFR","WP5_DFR",17.54603,-87.82514,510,753,1037,639,"2018",1547,NA,10.7
"WP5_SFR","West Point 5",17.5467,-87.8219,539.88465112524,394.93933632282,1153.420881987,807.14715137506,"2023",1693.30553311224,"Atoll",NA
"WP5_SFR","WP5_SFR",17.54716,-87.82292,328,347,1606,1435,"2018",1934,NA,7.6
"WQ4","WQ4",17.43809,-87.534,430,532,2400,1735,"2021",2830,NA,2
NA,"BZ1081",18.1755,-87.828,251.64619173576,296.17767536708,672.41752905163,1254.281780135,"2023",924.06372078739,"Barrier",NA
NA,"BZ1234",18.1807,-87.8284,3811.4221074364,10508.827805696,309.86807957488,586.508663139,"2023",4121.29018701128,"Barrier",NA
NA,"CBSFR",17.157,-87.9092,255.14069534938,317.80211625869,566.06475684207,612.41998604526,"2023",821.20545219145,"Atoll",NA
NA,"CZ2_SFR",17.5101,-87.7499,1178.8924815526,788.53325661728,3247.2379302166,2795.8973163545,"2023",4426.1304117692,"Atoll",NA
NA,"Pompion",16.3731,-88.0892,634.8626419823,1122.1010101751,1579.1866003535,977.80958228495,"2023",2214.0492423358,"Barrier",NA
NA,"Ranguana",16.331,-88.1497,843.19892640033,2186.4621656598,2433.4846118599,2887.8294824738,"2023",3276.68353826023,"Bank",NA
NA,"SP_SFR",17.3344,-87.7877,311.71217334633,280.62547524443,1085.0866428868,1899.0981794448,"2023",1396.79881623313,"Atoll",NA
